update,dist_entropy,value_loss,action_loss,mean_rew,median_rew,min_rew,max_rew,num_steps
0,45.40103167215983,11.869025785923004,-0.04008260469207585,455.1622619628906,444.41986083984375,276.8460693359375,688.5203857421875,120000
1,45.42479156176249,10.044690533479054,-0.03577391169424421,466.16131591796875,466.33184814453125,200.29933166503906,736.5950317382812,240000
2,45.47125999132792,10.858199073473612,-0.031875179343026805,446.2864685058594,438.5391540527344,260.7019348144531,671.5733642578125,360000
3,45.52601909955342,11.785683013598124,-0.024741004593964437,454.10101318359375,457.1250915527344,268.6237487792969,738.2150268554688,480000
4,45.60515824000041,12.445648814837138,-0.018355580066769715,457.3584289550781,457.8336486816406,269.0202941894531,684.1659545898438,600000
5,45.665893688201905,13.648173084259033,-0.015081433224107361,456.2567138671875,449.0730285644531,256.3449401855469,692.0512084960938,720000
6,45.72302512804667,14.072359711329142,-0.00958720076979868,437.2918395996094,426.4549255371094,214.73568725585938,669.4838256835938,840000
7,45.76550318400065,13.621784997781118,-0.013212751441800114,446.2640380859375,436.53240966796875,223.7711944580078,777.858642578125,960000
8,45.78479434331258,12.432099668184916,-0.013872739309974047,438.7970275878906,427.506591796875,212.91685485839844,782.541015625,1080000
9,45.8052938747406,12.916696101824442,-0.010048649578878516,465.6954650878906,455.88458251953125,254.25808715820312,709.3295288085938,1200000
10,45.833281717300416,14.499299647013347,-0.007209880733889804,455.62811279296875,470.32257080078125,264.1037292480469,676.194091796875,1320000
11,45.86287572224935,13.005593455632528,-0.010687068816193156,457.7747802734375,452.7558898925781,194.99026489257812,865.072021484375,1440000
12,45.88397630055746,14.262287789185843,-0.007433806276318743,440.5844421386719,441.9459533691406,254.11126708984375,672.6233520507812,1560000
13,45.91176675478617,14.730978985627493,-0.006222078185322365,450.9097595214844,447.87847900390625,239.0206756591797,784.4454345703125,1680000
14,45.91902574221293,14.834797801971435,-0.007775425448448156,459.0777893066406,449.4813232421875,221.3759307861328,736.2308959960938,1800000
15,45.917061223983765,14.66812698761622,-0.007183714002191361,448.87152099609375,440.7820739746094,191.9820556640625,722.5249633789062,1920000
16,45.937621103922524,16.13743868589401,-0.005858463536678755,449.0706787109375,439.3707580566406,252.09620666503906,736.4719848632812,2040000
17,45.97339440981547,15.915607868035634,-0.004716046789853863,445.1335754394531,454.7802734375,172.21243286132812,654.6929931640625,2160000
18,45.99876963933309,15.266787830193838,-0.003504497550329688,444.68157958984375,440.0937805175781,234.8057861328125,634.5929565429688,2280000
19,46.010370327631634,16.80129595518112,-0.007066228404481383,446.6695861816406,438.1607360839844,219.6842041015625,729.213623046875,2400000
20,46.030169318517046,16.977100234031678,-0.004940955140398462,455.4415283203125,453.967529296875,259.18292236328125,653.9647827148438,2520000
21,46.01361187934876,16.15570702155431,-0.006570058357665403,421.572265625,405.59942626953125,242.52951049804688,660.0816040039062,2640000
22,46.024192825953165,14.95901751200358,-0.005539219723968169,428.43890380859375,425.94293212890625,230.14047241210938,786.3157348632812,2760000
23,46.02568193435669,17.12862501780192,-0.005098110854618578,445.6835021972656,446.7906494140625,207.4741668701172,690.795166015625,2880000
24,46.034541041056315,16.910755565166472,-0.004619164032634823,429.9268798828125,417.3731384277344,268.62213134765625,635.2396240234375,3000000
25,46.00674212773641,18.701354817549387,-0.00588430221659617,446.5626220703125,443.7262878417969,214.1966094970703,704.7598876953125,3120000
26,46.01255181948344,16.818485637505848,-0.006975568779644163,453.6507263183594,462.41015625,189.98587036132812,714.7393798828125,3240000
27,46.01270212173462,16.323360820611317,-0.006683649334569661,456.19622802734375,456.2487487792969,225.08755493164062,743.4327392578125,3360000
28,45.99530525843302,17.290356466770174,-0.005315757137935482,467.33148193359375,465.964111328125,244.2728729248047,763.4689331054688,3480000
29,45.92676041285197,16.819387723604837,-0.007275596101183813,432.2558898925781,439.639404296875,228.93545532226562,811.0524291992188,3600000
30,45.847756954828895,17.677411971092223,-0.011253709344914948,457.46832275390625,451.23980712890625,242.29757690429688,687.7057495117188,3720000
31,45.827406619389855,16.43014739116033,-0.0058648785438875466,455.3336486816406,450.3623046875,281.3695373535156,716.20458984375,3840000
32,45.81217679977417,17.378629551728565,-0.005514151052405699,438.5193176269531,430.44195556640625,201.3260040283203,640.24658203125,3960000
33,45.79729510625204,17.252857844034832,-0.006823964434782587,445.2702941894531,443.1724853515625,267.88067626953125,660.5250854492188,4080000
34,45.79699254353841,15.664513697624207,-0.0061970219998996375,460.07464599609375,468.2221374511719,234.2390594482422,707.1620483398438,4200000
35,45.770018606185914,16.511036354700725,-0.007144017076965005,437.3655090332031,434.1885070800781,249.5382080078125,651.6414184570312,4320000
36,45.74668897628784,15.964673953056336,-0.006412780712571855,459.5353698730469,453.9225158691406,254.25637817382812,773.7509765625,4440000
37,45.72536044756571,16.55829665104548,-0.008643339264039962,464.8748779296875,462.0260009765625,241.91024780273438,709.0719604492188,4560000
38,45.72784854888916,16.438902691205342,-0.006180111401728633,436.00311279296875,426.3563232421875,179.5914306640625,753.5158081054688,4680000
39,45.768963759740195,16.884524442354838,-0.006225530272848043,452.88116455078125,448.9638671875,249.49998474121094,742.693603515625,4800000
40,45.77119826316834,17.14559064626694,-0.0062086172465084626,447.30419921875,444.3673400878906,247.83804321289062,742.891357421875,4920000
41,45.78736134211222,15.26149748245875,-0.006815356282734228,444.4233093261719,418.9827575683594,278.4366149902344,692.6893920898438,5040000
42,45.82160862922669,18.033667097091676,-0.005394834764319777,450.7662048339844,450.4799499511719,264.745361328125,704.2610473632812,5160000
43,45.826203203201295,17.075617043177285,-0.006186805196192964,447.1207580566406,444.0777282714844,253.27532958984375,677.2841186523438,5280000
44,45.844155928293866,18.092332294782004,-0.007171388252442436,451.16021728515625,446.236572265625,236.49497985839844,732.1064453125,5400000
45,45.84134926160176,17.983774631023408,-0.006733148229650396,443.7915954589844,444.1018371582031,164.75587463378906,707.6713256835938,5520000
46,45.82648983319601,16.852525986830393,-0.007030774915671524,446.4642028808594,443.00201416015625,189.34027099609375,646.9354248046875,5640000
47,45.847317660649615,17.241750415960947,-0.0064027492291279485,425.17425537109375,435.38470458984375,207.35052490234375,682.6212768554688,5760000
48,45.88011918067932,16.580181890328724,-0.0052961111624366215,439.8605651855469,430.1968994140625,198.0388946533203,650.6040649414062,5880000
49,45.90285845756531,18.961253950595857,-0.005375740543507466,448.140625,463.7507019042969,211.8857879638672,757.3797607421875,6000000
50,45.87862874031067,18.368286933104198,-0.0070237559760122775,447.63397216796875,447.28857421875,213.7093048095703,742.1063232421875,6120000
51,45.85785246531169,17.555665655930838,-0.0067157894533011134,454.84027099609375,458.59130859375,234.86404418945312,685.2553100585938,6240000
52,45.82312198956807,18.80306486447652,-0.007118161145578294,414.5369567871094,417.54815673828125,211.3567352294922,644.4231567382812,6360000
53,45.789896675745645,18.630533796946207,-0.0054854153851101725,437.9524841308594,424.8135986328125,221.68653869628906,677.532470703125,6480000
54,45.782099164326986,19.06728391170502,-0.0063712097432320055,439.3255310058594,424.7188720703125,191.3269805908203,694.735107421875,6600000
55,45.784140761693315,19.988689232667287,-0.00757019106151688,446.7752380371094,443.4031982421875,175.79373168945312,784.63134765625,6720000
56,45.78390331268311,17.398529960314434,-0.007195296732631154,434.6390380859375,437.4430236816406,212.43292236328125,637.5922241210938,6840000
57,45.789002418518066,18.482598149776457,-0.006290006841633537,454.16015625,445.9876403808594,237.99896240234375,750.7373657226562,6960000
58,45.800398410161336,19.274123866558075,-0.007513550143618583,455.2468566894531,447.0873107910156,206.19320678710938,767.904296875,7080000
59,45.80845936457316,20.02394775390625,-0.006193314065598846,453.0045166015625,441.2633361816406,148.8550262451172,770.6595458984375,7200000
60,45.81152342796326,17.741402570406596,-0.007486769573558831,456.48089599609375,458.56719970703125,202.23971557617188,803.712890625,7320000
61,45.82258732795715,18.002867269515992,-0.008219724772191815,448.0902099609375,438.6422424316406,237.36485290527344,735.4308471679688,7440000
62,45.836986484527586,18.527385901610057,-0.0068373911098895705,443.8292236328125,421.0509338378906,247.1893768310547,810.2704467773438,7560000
63,45.822668625513714,19.588172121842703,-0.005673075003678605,446.0648193359375,457.2710266113281,191.18394470214844,675.8951416015625,7680000
64,45.801797246932985,18.257130846182505,-0.006876693447623742,444.01983642578125,434.9283752441406,261.89764404296875,735.4664916992188,7800000
65,45.81547098795573,18.237328072388966,-0.006864681288371533,459.38995361328125,445.9563293457031,174.8555145263672,734.5377197265625,7920000
66,45.814412978490196,19.05031279961268,-0.006799431272882733,465.0924072265625,472.9924011230469,249.8599853515625,733.4794921875,8040000
67,45.78282677968343,18.428447018464407,-0.006239407215689425,443.5796813964844,441.97491455078125,222.03945922851562,766.1763916015625,8160000
68,45.75292756080628,18.84708370288213,-0.00740204476954356,450.7174377441406,442.96807861328125,157.1945037841797,643.9420166015625,8280000
69,45.724013837178546,18.733757019837697,-0.006738320042571407,445.7672424316406,423.4800109863281,190.22445678710938,699.3917236328125,8400000
70,45.71777869224548,18.35515134890874,-0.008550188273752611,447.8542785644531,448.4400939941406,232.36070251464844,725.5729370117188,8520000
71,45.718724203109744,19.059405543804168,-0.006612518036322778,450.6857604980469,449.86859130859375,214.45855712890625,726.672607421875,8640000
72,45.70910641034444,18.477560464541117,-0.009550353729793338,452.7756042480469,447.2542419433594,202.79139709472656,762.4111938476562,8760000
73,45.71740484237671,19.507382941246032,-0.006595408644170675,473.3182067871094,487.00262451171875,228.95773315429688,696.5687866210938,8880000
74,45.72396288553874,16.664838848114012,-0.0072108105597355155,436.9268798828125,423.8750305175781,188.99514770507812,679.1947021484375,9000000
75,45.71911039034526,17.51163720289866,-0.005700707555740744,449.18170166015625,443.6455383300781,195.67141723632812,687.72265625,9120000
76,45.721215117772424,17.80372070948283,-0.004894613112240525,444.68597412109375,436.4037170410156,223.2578887939453,660.9296264648438,9240000
77,45.714592930475874,19.107921473185222,-0.006446749756969438,440.2252197265625,427.9762268066406,199.98451232910156,716.2969970703125,9360000
78,45.702887493769325,19.310180384318034,-0.006723589549718175,443.220703125,452.4818115234375,166.49681091308594,734.5283203125,9480000
79,45.6767284266154,19.790975352128346,-0.007388172048758861,425.9826354980469,406.58624267578125,158.93893432617188,782.7345581054688,9600000
80,45.64928733507792,19.691354315280915,-0.005654508185959154,434.27374267578125,439.6468811035156,259.59771728515625,684.9310913085938,9720000
81,45.649623823165896,17.45161154429118,-0.007826867411301161,461.2560119628906,471.4748229980469,208.34390258789062,797.8668823242188,9840000
82,45.63661399841308,18.496782482465107,-0.007127009576849256,457.3646240234375,453.123046875,191.3085479736328,795.0499267578125,9960000
83,45.62854599316915,17.546779058774312,-0.007062409218823025,435.9653015136719,433.88525390625,177.4759979248047,738.4978637695312,10080000
84,45.63984649976094,19.271101116339366,-0.006259575076176892,447.25787353515625,447.38671875,222.21348571777344,702.7545166015625,10200000
85,45.65794805208842,18.911269728342692,-0.005102113623892706,470.0094909667969,473.17840576171875,152.9643096923828,741.3936157226562,10320000
86,45.66435064633687,17.981013819376628,-0.007426737310382142,449.5135803222656,432.5793762207031,186.26995849609375,716.4535522460938,10440000
87,45.68214217821757,18.07705978711446,-0.006808271443921209,442.3409423828125,445.2742004394531,179.67044067382812,704.5906982421875,10560000
88,45.69633966445923,19.35253340880076,-0.006339455754920588,444.3326416015625,430.8266906738281,228.7215576171875,773.2831420898438,10680000
89,45.698508195877075,21.089552257855733,-0.005981176565874193,470.8310852050781,461.3324279785156,162.82757568359375,752.8970336914062,10800000
90,45.69829908688863,18.88950738430023,-0.00622059141123979,452.97509765625,436.54559326171875,260.319091796875,739.27099609375,10920000
91,45.71857322057088,20.1622176416715,-0.006441846378479567,465.30584716796875,461.0257568359375,178.8143768310547,767.2503051757812,11040000
92,45.734776233037316,19.474230518341063,-0.005736239351006134,429.5640563964844,418.22845458984375,141.37159729003906,665.6880493164062,11160000
93,45.71989498138428,19.318233250776927,-0.008197638069019983,445.0064697265625,436.0020751953125,164.68418884277344,787.5455932617188,11280000
94,45.69925555229187,20.328139522075652,-0.0058130668109667265,440.98919677734375,445.1266784667969,230.91510009765625,749.73388671875,11400000
95,45.67442088445028,19.567783732414245,-0.005729259420797159,464.1705627441406,461.13043212890625,207.74740600585938,793.2664184570312,11520000
96,45.66222752571106,19.780967350800832,-0.008084013177549422,441.9332580566406,435.5075378417969,214.48829650878906,731.6446533203125,11640000
97,45.660228417714436,18.868745288848878,-0.006179888379380524,459.88616943359375,456.8706970214844,155.41085815429688,733.075439453125,11760000
98,45.644414304097495,18.32605352004369,-0.00696224029500551,449.1340026855469,450.54840087890625,151.39501953125,723.41748046875,11880000
99,45.625816043217974,20.085321464538573,-0.007337452486438754,437.97552490234375,425.61669921875,186.04638671875,820.8361206054688,12000000
100,45.611628125508624,20.443681553999582,-0.007218882307970489,459.38885498046875,454.1242370605469,160.01644897460938,776.4407348632812,12120000
101,45.61394643783569,19.917802726427713,-0.005416830573523157,456.65234375,458.5868835449219,242.36776733398438,837.1148681640625,12240000
102,45.62939435323079,18.975990562438966,-0.005870952637927758,446.41949462890625,436.0340576171875,192.2400360107422,698.1698608398438,12360000
103,45.63531155586243,19.34631750424703,-0.00648222748518189,439.1438903808594,430.2716064453125,220.93368530273438,686.3391723632812,12480000
104,45.637680749893185,19.900595449606577,-0.005557428776913487,458.09295654296875,462.03594970703125,200.37033081054688,762.6837768554688,12600000
105,45.65876924832662,19.609314662615457,-0.006947014353190752,456.4281921386719,454.3933410644531,207.60350036621094,777.9586791992188,12720000
106,45.66901600519816,21.055386663277943,-0.006095542629797516,469.1959228515625,470.91802978515625,253.379150390625,760.2018432617188,12840000
107,45.65927238146464,19.98426735083262,-0.006301085506539674,457.3629150390625,464.06976318359375,199.14259338378906,710.4133911132812,12960000
108,45.63466817537944,20.430393985907237,-0.005178914053576781,453.27459716796875,432.6513977050781,245.09524536132812,751.3439331054688,13080000
109,45.61385942459106,19.416792497634887,-0.007023098414074411,448.2727966308594,443.59344482421875,202.1624755859375,691.7259521484375,13200000
110,45.59676432291667,19.12643549044927,-0.007147058923798492,454.81292724609375,462.1286926269531,200.2060546875,744.6847534179688,13320000
111,45.57185195922852,22.312864400545756,-0.005773209205778282,447.6475830078125,444.3158874511719,174.58084106445312,763.1390380859375,13440000
112,45.565858856836954,20.862598294417065,-0.005469332875806383,454.3520202636719,444.12274169921875,207.9538116455078,714.25634765625,13560000
113,45.55168216705322,19.83996571858724,-0.006028981520430818,452.51458740234375,456.9083251953125,239.24400329589844,741.6954956054688,13680000
114,45.53865509986878,20.98214638153712,-0.004840257152448733,464.7806091308594,473.2585144042969,192.89991760253906,783.5808715820312,13800000
115,45.54194953918457,21.15442881981532,-0.005953493729350233,464.896240234375,449.083740234375,225.24530029296875,887.4371337890625,13920000
116,45.54265378634135,21.078859546979267,-0.006164866394775761,457.82867431640625,448.4299011230469,192.78602600097656,734.2559814453125,14040000
117,45.551733312606814,18.550148428281148,-0.0058452667958249546,448.50738525390625,428.8313293457031,228.55882263183594,702.48974609375,14160000
118,45.56609135945638,20.614412920475004,-0.0048342261295495825,475.1561584472656,455.5071105957031,185.7715301513672,806.1138305664062,14280000
119,45.56828236262004,19.453591386477154,-0.0051482941674961084,443.0491943359375,436.5130310058594,170.8673095703125,743.3884887695312,14400000
120,45.5622359085083,19.84163597981135,-0.005465117176947463,452.7430114746094,436.6230163574219,241.0880126953125,775.8712768554688,14520000
121,45.580770829518634,19.469382400512696,-0.006600875490657927,474.0906066894531,473.5443420410156,216.06387329101562,789.4874267578125,14640000
122,45.598886241912844,20.515204575061798,-0.005554205531443586,463.9071350097656,450.50140380859375,206.00355529785156,895.8165893554688,14760000
123,45.598727544148765,18.317383860747018,-0.007209936783301601,454.3910827636719,449.7273254394531,167.12583923339844,712.83642578125,14880000
124,45.58094720840454,20.730084179242454,-0.005535515082471462,459.95458984375,450.75628662109375,253.83319091796875,661.2493896484375,15000000
125,45.57395463307699,17.081858468850452,-0.006607765162845378,455.24139404296875,456.7710266113281,211.33895874023438,827.7855834960938,15120000
126,45.58575570424398,18.47347959359487,-0.00601702213032695,451.7122497558594,433.9833984375,244.10385131835938,775.6307983398438,15240000
127,45.573062938054406,19.542555147012074,-0.006545476842188691,445.18560791015625,446.21112060546875,200.24777221679688,700.2744750976562,15360000
128,45.55845618883769,18.26971372207006,-0.004787884908091655,468.2529602050781,467.6937255859375,217.10009765625,784.6351928710938,15480000
129,45.56811466534933,18.86732067902883,-0.005398628430375538,446.85943603515625,434.2646789550781,234.39822387695312,695.7240600585938,15600000
130,45.587311779658,17.747852190335593,-0.005905614958567943,443.2398986816406,437.2054748535156,175.4986114501953,686.9774780273438,15720000
131,45.60347296714783,19.200705717404684,-0.00523105502367495,457.5591735839844,461.1054382324219,213.4269256591797,675.7193603515625,15840000
132,45.61252860705058,18.354143579006195,-0.006526996946449231,457.7809143066406,445.1542053222656,257.93621826171875,837.8798217773438,15960000
133,45.62005200068156,21.209929111798605,-0.005659990640006072,464.5880432128906,459.5008544921875,213.57894897460938,723.3754272460938,16080000
134,45.6367311000824,19.3102086909612,-0.0053157554569891845,452.4863586425781,434.51177978515625,191.06149291992188,739.5999755859375,16200000
135,45.64752802848816,18.91603190660477,-0.00508435809603346,442.5950622558594,436.80743408203125,262.25213623046875,743.76806640625,16320000
136,45.648276494344074,21.648402953942618,-0.007572015020500657,463.9613037109375,458.87310791015625,249.57620239257812,759.5955200195312,16440000
137,45.64931116422017,19.504724045594532,-0.005511084609973599,460.5190124511719,447.4200134277344,239.19277954101562,745.2689819335938,16560000
138,45.652702226638795,19.12727935155233,-0.00660475411281368,453.8692626953125,444.6832580566406,270.27923583984375,762.436767578125,16680000
139,45.657345628738405,18.945920570691428,-0.006486112626662361,463.671875,463.0886535644531,175.30276489257812,763.7991333007812,16800000
140,45.66599880536398,18.031751708984373,-0.005377919647908129,450.88385009765625,442.0337829589844,214.04177856445312,720.655029296875,16920000
141,45.6543910185496,19.050630786418914,-0.005576829592590305,444.88958740234375,437.5068664550781,256.3778076171875,672.9389038085938,17040000
142,45.64102807044983,18.887100571791333,-0.005855514950282365,459.755859375,480.92559814453125,227.7628173828125,698.3109130859375,17160000
143,45.656245374679564,18.524631588459016,-0.006677353795573708,466.2859191894531,461.64239501953125,225.66036987304688,685.8572387695312,17280000
144,45.694028027852376,19.08005346695582,-0.006087673131617824,451.6551513671875,437.61016845703125,234.7565460205078,737.3685913085938,17400000
145,45.71348447799683,19.207628851731616,-0.006801221325977167,465.1578674316406,463.5425720214844,252.24574279785156,823.4664916992188,17520000
146,45.70981366475423,19.381139659086863,-0.006051015156745052,454.0969543457031,458.3062744140625,209.47894287109375,688.5634765625,17640000
147,45.69657923380534,17.87256519238154,-0.00816017058650156,461.658203125,451.4795837402344,233.14292907714844,738.9668579101562,17760000
148,45.67677911440531,20.559388779799143,-0.004796264418255305,470.6676940917969,466.4954833984375,253.34552001953125,744.0908203125,17880000
149,45.662146943410235,19.53125938495,-0.006702003648933896,454.75640869140625,452.3291931152344,237.4549102783203,677.0770874023438,18000000
150,45.66749089558919,17.647455214659374,-0.0076199776461514076,446.7756652832031,435.2476806640625,225.92701721191406,696.5808715820312,18120000
151,45.683178656895954,18.58332815090815,-0.007418635785864656,450.7242431640625,427.48358154296875,187.3837890625,764.9015502929688,18240000
152,45.668747393290204,20.767659521102907,-0.006312951737324208,460.7755432128906,450.8448486328125,246.62916564941406,766.2544555664062,18360000
153,45.652594566345215,18.104788154760996,-0.006814481443400003,455.3083190917969,459.0162658691406,225.23098754882812,698.0569458007812,18480000
154,45.64756470362345,17.93230923573176,-0.006983867832825581,436.66607666015625,448.2298889160156,190.1125030517578,674.8565673828125,18600000
155,45.63681366284688,19.02022841612498,-0.0060295832962401616,458.68292236328125,454.4769592285156,234.23992919921875,709.7113037109375,18720000
156,45.631936690012616,19.84161333401998,-0.006230823964338015,443.9765625,440.7528381347656,188.155517578125,745.7341918945312,18840000
157,45.642822904586794,19.862532777786257,-0.006442898788074369,461.55755615234375,464.8742980957031,227.2325439453125,793.6822509765625,18960000
158,45.636839930216475,20.28169501384099,-0.007006844197024596,436.1071472167969,422.26629638671875,231.6357421875,736.1036987304688,19080000
159,45.60642699877421,19.969950539271036,-0.006662568216024738,441.9094543457031,434.2292175292969,250.66061401367188,755.9468383789062,19200000
160,45.613982140223186,16.95526365359624,-0.00706528710979607,456.3294372558594,459.35260009765625,193.84329223632812,681.8883056640625,19320000
161,45.63610079447428,18.76190330664317,-0.005472224625621796,455.0320129394531,448.6672668457031,233.70973205566406,724.9718627929688,19440000
162,45.64659038861593,20.232693044344582,-0.007178244584283675,467.3761291503906,465.7208251953125,216.95350646972656,701.7156372070312,19560000
163,45.64896890004476,18.5320334760348,-0.007710051308599001,454.5828552246094,440.80450439453125,199.54051208496094,800.181396484375,19680000
164,45.65434407234192,17.80527296702067,-0.008281620825494732,448.2530517578125,458.853515625,205.88720703125,736.5452880859375,19800000
165,45.65114678700765,19.789725556373597,-0.0057482638706468,456.6921691894531,452.9187927246094,226.34454345703125,768.1159057617188,19920000
166,45.64250823338826,19.958806211948396,-0.006159586981740782,460.6859130859375,464.2640075683594,180.6417999267578,686.072265625,20040000
167,45.62986159006755,19.411372340520224,-0.006143915354294147,447.30780029296875,445.7258605957031,250.86997985839844,793.8594970703125,20160000
168,45.60244946797689,20.363212214310963,-0.007473505521149188,459.33123779296875,450.7742919921875,241.6874237060547,715.4197387695312,20280000
169,45.57923844019572,16.846610794067384,-0.011836151018839397,448.6890869140625,450.8975524902344,161.50643920898438,729.8982543945312,20400000
170,45.57974232991536,18.770640597343444,-0.006326190968311493,460.0227355957031,445.3996887207031,186.54339599609375,706.1607055664062,20520000
171,45.58040505727132,18.977734061082206,-0.006107378802147044,451.609130859375,453.7386474609375,270.7160339355469,772.9779663085938,20640000
172,45.56179406801859,17.847027668952943,-0.005848789745137613,448.20367431640625,441.62542724609375,265.726806640625,814.1640014648438,20760000
173,45.56247272491455,17.61034859339396,-0.006276475741696382,445.2467956542969,428.406494140625,204.0610809326172,746.4891967773438,20880000
174,45.58024652798971,18.43852519273758,-0.0059851653350839725,457.0847473144531,457.7569274902344,242.46426391601562,691.6078491210938,21000000
175,45.58688406308492,17.817189486026763,-0.005760020735950396,446.64178466796875,437.6445007324219,233.3462371826172,667.9188232421875,21120000
176,45.584324792226155,17.955178080399833,-0.006695174960274717,440.06878662109375,443.1628723144531,218.89395141601562,705.4931640625,21240000
177,45.57033478736877,19.057155118783314,-0.006253857854862872,435.929443359375,440.08367919921875,193.5281982421875,652.9908447265625,21360000
178,45.558149633407595,18.074665540059407,-0.006469140858288635,441.1129455566406,432.3810729980469,196.25341796875,737.3372802734375,21480000
179,45.570359582901,18.84495894432068,-0.006940298405503806,466.01031494140625,469.3573913574219,232.27587890625,684.215087890625,21600000
180,45.58669606844584,19.39117730696996,-0.007175135701803204,457.15655517578125,453.5904541015625,193.03500366210938,716.1986694335938,21720000
181,45.59269299825033,18.65748280207316,-0.00648529286585917,463.1190490722656,459.0540771484375,223.99765014648438,734.4769287109375,21840000
182,45.62531802177429,19.13080242474874,-0.006803365418365199,460.3323974609375,460.506103515625,252.64419555664062,729.6268310546875,21960000
183,45.65112024943034,20.283113504250846,-0.006134213884079145,454.03125,443.70294189453125,236.70018005371094,688.8311767578125,22080000
184,45.66654348373413,19.23815021753311,-0.005653412955980457,465.189453125,444.2048645019531,204.71360778808594,742.8656616210938,22200000
185,45.69303380012512,18.583599093755087,-0.00463226967253983,453.8616027832031,450.76458740234375,212.37631225585938,792.8602294921875,22320000
186,45.72708659172058,17.24668715874354,-0.0074494240993347675,467.4649963378906,459.2046813964844,210.0322723388672,774.3907470703125,22440000
187,45.74313210169474,18.934106312592824,-0.007741912758047344,452.1835021972656,461.2220153808594,184.65545654296875,707.414794921875,22560000
188,45.743457902272546,17.279913077354433,-0.005527034957209859,438.1812744140625,427.3001403808594,236.03390502929688,704.6967163085938,22680000
189,45.753062613805135,19.715762403011322,-0.006566472350949273,453.4162902832031,464.3206481933594,192.56016540527344,699.2605590820312,22800000
190,45.74729119618734,21.272157281239828,-0.00586341479223241,452.42218017578125,435.22540283203125,187.9648895263672,702.4326171875,22920000
191,45.727656809488934,19.746525645256042,-0.006260116946922759,466.7767333984375,466.6744689941406,245.69227600097656,676.261962890625,23040000
192,45.7205642191569,17.81156719605128,-0.007719840560428679,438.1153869628906,429.4532775878906,210.36761474609375,693.1102905273438,23160000
193,45.70949341773987,20.58279013156891,-0.008067682691915934,464.9154052734375,462.7869873046875,262.26483154296875,742.0223388671875,23280000
194,45.67775585492452,18.24873036146164,-0.008538703435943944,450.32952880859375,441.7185974121094,211.6956787109375,675.3931884765625,23400000
195,45.65012139956156,18.279490457375843,-0.006704916989441092,456.3581848144531,447.87274169921875,190.9226837158203,686.4320068359375,23520000
196,45.6342954381307,21.234754632314047,-0.00671850029448251,457.88812255859375,447.2552490234375,238.95440673828125,708.0401000976562,23640000
197,45.63648710568746,19.974707590738934,-0.006278717079494527,449.38824462890625,445.8322448730469,234.3535614013672,717.4415283203125,23760000
198,45.64674681663513,17.99430559396744,-0.00679217973320192,448.5666809082031,452.4985046386719,243.67990112304688,805.3527221679688,23880000
199,45.63050871213277,20.192092243830363,-0.007180694943854178,459.6601867675781,445.1536560058594,230.8955078125,763.4326171875,24000000
200,45.60566229820252,20.564270290533702,-0.007311290717164715,454.8952331542969,446.29937744140625,219.19561767578125,670.3678588867188,24120000
201,45.609792143503824,19.732642902533215,-0.007366491718163009,470.4006042480469,469.7471923828125,265.72869873046875,783.2755126953125,24240000
202,45.6164520072937,19.753963273366292,-0.006944308716077406,442.538818359375,426.26025390625,210.8543701171875,735.7431640625,24360000
203,45.61538259824117,19.167918833096824,-0.005749656747805905,460.2503662109375,461.9952392578125,155.77772521972656,707.54345703125,24480000
204,45.62403565724691,19.58766036351522,-0.006985959855103374,461.0511474609375,458.6739196777344,231.25653076171875,657.192138671875,24600000
205,45.619216454823814,18.65918503522873,-0.005777916337923065,435.7459411621094,428.1807556152344,174.2436065673828,767.0185546875,24720000
206,45.60799337387085,18.16826985200246,-0.006911758180840385,443.8482666015625,430.6244201660156,179.54539489746094,854.1242065429688,24840000
207,45.59192768414815,19.402089986801148,-0.007628987123327231,451.2411193847656,450.7525939941406,186.34861755371094,736.9039306640625,24960000
208,45.5847297000885,17.39649043798447,-0.0048616611505622135,418.2136535644531,396.1518859863281,194.5963592529297,796.5548095703125,25080000
209,45.56957867940267,19.609049456119536,-0.006101964178063402,451.56005859375,447.01849365234375,231.9254913330078,698.3804931640625,25200000
210,45.550186780293785,19.88425318956375,-0.004909177053602131,459.8921813964844,458.20257568359375,187.2624969482422,730.2783813476562,25320000
211,45.54955512682597,19.858602781295776,-0.006628016130804705,479.7291564941406,473.804931640625,259.99432373046875,761.218505859375,25440000
212,45.55495540618897,20.390402263800304,-0.005058254602651763,475.3908386230469,465.5703430175781,267.23004150390625,728.2247924804688,25560000
213,45.53134352684021,19.642655282815298,-0.009283523243078283,468.7878112792969,465.5452575683594,130.90386962890625,794.2890014648438,25680000
214,45.51052727063497,19.040474809805552,-0.006700919122567939,452.3708801269531,444.9993591308594,250.30616760253906,725.0408935546875,25800000
215,45.52077744801839,18.23220869620641,-0.007325548054307849,458.48150634765625,458.49566650390625,201.3923797607422,683.2980346679688,25920000
216,45.53161072095235,17.916718264420826,-0.00658732537516092,445.804443359375,451.0686340332031,197.8023223876953,702.029541015625,26040000
217,45.53196614901225,19.887378301620483,-0.007503200455786707,451.029052734375,453.5033264160156,162.11663818359375,735.8569946289062,26160000
218,45.52317127863566,19.44614812850952,-0.008286480232785986,448.9895324707031,446.2738037109375,196.39263916015625,734.3866577148438,26280000
219,45.519619092941284,16.932807552814484,-0.006847101916514096,456.23333740234375,435.42108154296875,247.1027069091797,712.6018676757812,26400000
220,45.538181432088216,17.446950054168703,-0.008185448707947008,460.38873291015625,457.9001159667969,241.53607177734375,744.8272705078125,26520000
221,45.55028356552124,18.248326468467713,-0.006099628495010923,448.1685791015625,451.6484069824219,163.3960723876953,651.2135620117188,26640000
222,45.55478183428446,17.639642249743144,-0.007697205613152012,462.0963134765625,455.9322204589844,249.1127166748047,776.8978881835938,26760000
223,45.56422855695089,20.74562428077062,-0.004645404508071257,452.24505615234375,449.6353454589844,280.9421081542969,654.564697265625,26880000
224,45.56182865778605,19.46999760866165,-0.007902706646585406,454.0807800292969,444.8954772949219,238.98500061035156,671.8106079101562,27000000
225,45.54452184041341,20.10588935295741,-0.0064772139307782105,461.7471923828125,460.3976745605469,222.71307373046875,753.6403198242188,27120000
226,45.541788527170816,18.677506421407063,-0.007408288589983082,460.9771728515625,448.4855651855469,243.55038452148438,749.0995483398438,27240000
227,45.55500320116679,18.672680753866832,-0.005862585414727543,452.1533508300781,447.7159118652344,181.85032653808594,648.655029296875,27360000
228,45.58037437438965,18.547692082722982,-0.007648067377238779,457.4128112792969,463.1324157714844,220.11741638183594,668.3555297851562,27480000
229,45.61117074012756,19.3887518509229,-0.00626801959318982,464.2920837402344,454.3726806640625,206.32586669921875,709.003173828125,27600000
230,45.62915147145589,19.20057576974233,-0.005939490001340649,444.2265625,429.0614929199219,215.63211059570312,731.8778686523438,27720000
231,45.64690125465393,20.05067033926646,-0.006017835170071825,449.9000549316406,445.5936584472656,228.56753540039062,746.8416137695312,27840000
232,45.67086285591125,17.41872620264689,-0.008143274416252098,450.2828063964844,436.308349609375,223.84181213378906,749.9464111328125,27960000
233,45.66681559880575,18.47951694806417,-0.006969865452135622,459.5523986816406,444.8580322265625,283.2473449707031,718.3153076171875,28080000
234,45.68927351951599,17.08582723538081,-0.007965009529715796,480.1510925292969,474.7845153808594,248.31472778320312,751.0555419921875,28200000
235,45.73183879216512,16.506813131173452,-0.008114383039617982,458.4972839355469,451.08154296875,199.97073364257812,693.8489990234375,28320000
236,45.73688431739807,18.874366207917532,-0.006962976990050341,454.9301452636719,439.5922546386719,266.44989013671875,714.1162109375,28440000
237,45.743034035364786,18.038924673398334,-0.006978472864801309,460.3805236816406,454.8921203613281,253.91033935546875,686.7938232421875,28560000
238,45.752934001286825,17.466826730569203,-0.008626874772206368,460.31396484375,454.7314758300781,256.9816589355469,794.5270385742188,28680000
239,45.749676637649536,19.38107278108597,-0.006597934294223554,441.7640075683594,431.8867492675781,153.33837890625,687.4447021484375,28800000
240,45.73336462020874,19.587897424697875,-0.006894412950859987,474.8023376464844,468.3420715332031,253.0125732421875,770.788818359375,28920000
241,45.73953549702962,18.073830312093097,-0.006198620546377167,461.183349609375,460.3633728027344,211.18016052246094,712.40625,29040000
242,45.77045076052348,16.65473208030065,-0.007916773905142994,465.2488098144531,467.2765808105469,212.58969116210938,772.44873046875,29160000
243,45.76898328145345,18.299921362400056,-0.007317195978845727,459.44097900390625,456.5177001953125,221.96658325195312,666.6111450195312,29280000
244,45.74429528236389,18.153023749987284,-0.0073364199962710095,449.6624755859375,448.0434265136719,223.51124572753906,669.9071044921875,29400000
245,45.73142809549967,19.564468942483266,-0.006366746553468564,471.97454833984375,467.2453918457031,231.14332580566406,739.6050415039062,29520000
246,45.7365813891093,17.970530749956765,-0.009341307875010897,465.2081604003906,461.0794982910156,238.04013061523438,704.468994140625,29640000
247,45.75148577372233,16.653360307216644,-0.00776186696103044,466.9061279296875,469.18035888671875,261.10968017578125,699.0191650390625,29760000
248,45.763563810984294,17.1235168560346,-0.009565387237686688,466.4385681152344,453.6961975097656,253.26197814941406,738.6543579101562,29880000
249,45.77862873395284,17.50564226547877,-0.006933573648411766,461.4649658203125,462.83563232421875,234.8939971923828,751.1980590820312,30000000
250,45.77424664179484,18.472987759113312,-0.009140563281486417,476.5688171386719,480.7038879394531,276.7033996582031,763.5643920898438,30120000
251,45.76505081176758,17.624575591087343,-0.006289175601462678,464.97662353515625,455.3832092285156,261.56231689453125,716.3060302734375,30240000
252,45.79060437520345,17.755613014698028,-0.00732479113756502,441.2014465332031,434.2333679199219,177.77691650390625,714.7288208007812,30360000
253,45.81931102752686,18.35779746611913,-0.0068773829430726135,461.93939208984375,447.708740234375,219.0359649658203,773.7106323242188,30480000
254,45.842188316980995,19.535767701466877,-0.007960296421889931,477.4879455566406,472.7572937011719,260.3448791503906,771.6085205078125,30600000
255,45.881123339335126,19.24783963362376,-0.008433090778271434,462.1316223144531,465.9896545410156,149.42430114746094,795.909912109375,30720000
256,45.88838980356852,18.483955380121866,-0.005667053574661433,465.21514892578125,457.87213134765625,205.81272888183594,781.7137451171875,30840000
257,45.88936504999796,19.92628252983093,-0.0071135888943354075,480.8209533691406,472.2390441894531,240.6841278076172,790.3555908203125,30960000
258,45.89715003649394,18.58381719827652,-0.007650795285120087,450.3889465332031,438.11260986328125,229.79476928710938,773.0652465820312,31080000
259,45.88843900044759,20.475690008799234,-0.008197200251970002,454.4429626464844,459.0957946777344,207.4916229248047,699.8759765625,31200000
260,45.89458495140076,18.309102532068888,-0.0061844790868462955,463.623046875,450.9173583984375,228.3972625732422,778.4580078125,31320000
261,45.90436626752218,19.69052563428879,-0.0064418287102444086,463.3602294921875,465.0810852050781,131.8745880126953,747.7522583007812,31440000
262,45.89598834355672,18.302657528718314,-0.00833610798372676,462.7445983886719,472.72027587890625,202.44461059570312,665.0575561523438,31560000
263,45.887328141530354,18.030661719640097,-0.00857345482195342,461.3721008300781,456.9037170410156,223.01817321777344,750.4977416992188,31680000
264,45.86762532234192,19.061749173800152,-0.008633951233487097,469.4496765136719,462.5201721191406,264.3703918457031,785.4886474609375,31800000
265,45.85010319391886,18.629768352508545,-0.007212022185212845,461.4042053222656,454.743896484375,171.70513916015625,751.4727783203125,31920000
266,45.85233456611633,17.860290978749592,-0.008350763061077184,459.1593322753906,459.53704833984375,229.93936157226562,768.1348876953125,32040000
267,45.851865688959755,19.3814857117335,-0.007400966060929477,470.3759765625,481.2971496582031,200.83091735839844,702.6837158203125,32160000
268,45.869275194803876,20.466829804579415,-0.006935562434276411,489.48724365234375,492.8652648925781,299.0194396972656,730.867431640625,32280000
269,45.89821792602539,18.09410015821457,-0.008240759292534676,472.41009521484375,461.3353576660156,261.09088134765625,780.3760986328125,32400000
270,45.91790551185608,17.959088764985403,-0.00803101030137744,466.2729187011719,445.0823059082031,127.19403839111328,749.077392578125,32520000
271,45.922696838378904,19.481834727128348,-0.008604493883024892,475.9455261230469,476.92041015625,233.54818725585938,776.7135009765625,32640000
272,45.93197776794434,19.61974805752436,-0.007558101779541176,468.2575378417969,469.8990783691406,237.94403076171875,743.0818481445312,32760000
273,45.94312788327535,18.900049039522806,-0.005028778094019799,469.5350036621094,440.774169921875,273.4606628417969,719.4336547851562,32880000
274,45.93677875518799,17.778571797211963,-0.00799255765847685,450.4988098144531,447.2600402832031,205.4618377685547,749.1821899414062,33000000
275,45.91916649500529,18.368537578582764,-0.006779326171264681,464.4859924316406,449.5455017089844,216.59957885742188,676.54833984375,33120000
276,45.908143253326415,19.066460359891256,-0.009843703658135989,460.8826599121094,447.5542907714844,216.37655639648438,713.2650146484375,33240000
277,45.89668291727702,19.449492819309235,-0.008149749850290959,471.3736877441406,469.8553161621094,272.1730651855469,750.1907348632812,33360000
278,45.895235239664714,19.039226071834563,-0.006551689971911401,469.8069152832031,454.3719482421875,280.8590393066406,697.5043334960938,33480000
279,45.893229751586915,19.548385789394377,-0.007209698022800998,463.583984375,461.1451721191406,251.07386779785156,746.2861938476562,33600000
280,45.89120241483052,19.468344476222992,-0.006927479216689486,473.3729553222656,476.41009521484375,270.5836486816406,730.7481689453125,33720000
281,45.88721713701884,18.66405868132909,-0.006424871468041904,453.2613220214844,439.6431884765625,217.91116333007812,689.748779296875,33840000
282,45.845402539571126,18.96394364198049,-0.010492683223340767,455.1809997558594,447.6589660644531,250.8493194580078,808.7546997070312,33960000
283,45.826094795862836,18.8609635925293,-0.006260068458177556,482.59326171875,495.0503845214844,171.60369873046875,849.2791748046875,34080000
284,45.83286734263102,18.6300497619311,-0.007482207513635899,460.1921691894531,446.05462646484375,230.70773315429688,726.2783813476562,34200000
285,45.82525090853373,18.53433663368225,-0.006276087403324861,454.0337829589844,446.7877197265625,180.10452270507812,748.5960693359375,34320000
286,45.8211413637797,17.707638172308602,-0.00894934264320303,471.51959228515625,471.41278076171875,197.27154541015625,692.7299194335938,34440000
287,45.80692348162333,18.556615732510885,-0.00744203520969298,441.84686279296875,448.18939208984375,144.64242553710938,689.171630859375,34560000
288,45.80501025835673,18.681900306542715,-0.008122467174458544,457.0606689453125,456.4981994628906,228.32679748535156,823.8893432617188,34680000
289,45.82618974049886,17.245359473228454,-0.007533261810694966,473.1566162109375,455.7084655761719,287.44647216796875,726.9671020507812,34800000
290,45.84136148134867,16.95039396047592,-0.006173987118835006,454.4059753417969,453.83544921875,185.8140869140625,686.0742797851562,34920000
291,45.84357374191284,17.733596607049307,-0.006745352005552074,453.62994384765625,452.1572570800781,186.4911346435547,708.6002807617188,35040000
292,45.84642108599345,19.17580243349075,-0.008231405935888081,467.2276306152344,480.78570556640625,205.46902465820312,741.6483764648438,35160000
293,45.83784947713216,19.19052633126577,-0.006309866741664033,456.6468505859375,457.4864807128906,196.6776123046875,727.8681640625,35280000
294,45.849274972279865,17.05115449666977,-0.00667545732621799,464.111328125,441.3165588378906,200.7036590576172,773.4957885742188,35400000
295,45.863130346934,20.44293319225311,-0.0072324282077534,456.7811584472656,452.1831359863281,221.05642700195312,724.4017944335938,35520000
296,45.85934403737386,18.43454403003057,-0.006977823303186597,454.3699951171875,445.5019226074219,143.13258361816406,730.8270874023438,35640000
297,45.86562105178833,16.15659241358439,-0.00723842968325395,426.7473449707031,424.4118957519531,251.47760009765625,697.9677124023438,35760000
298,45.876584173838296,16.914590472380322,-0.007920191316452474,462.19354248046875,457.35760498046875,234.12355041503906,749.685302734375,35880000
299,45.89959692637126,16.104280290603636,-0.008296681763276866,434.261474609375,444.9200134277344,223.34048461914062,674.035400390625,36000000
300,45.93612731615702,16.207409443060556,-0.00896727607049949,454.7325744628906,443.55682373046875,253.2615509033203,728.779296875,36120000
301,45.95972377141317,20.644631114006042,-0.007335801833987716,473.1759338378906,477.7510681152344,177.7745819091797,778.2500610351562,36240000
302,45.98020029385884,18.996014993190766,-0.007574734982387478,464.6756286621094,458.60272216796875,149.9652862548828,715.1592407226562,36360000
303,46.00315854708354,18.739390660921732,-0.006460584673134993,469.7228698730469,466.2586669921875,235.20176696777344,756.5857543945312,36480000
304,46.020712321599326,18.320301241874695,-0.007905882414840259,456.56683349609375,458.1441650390625,250.61497497558594,710.005859375,36600000
305,46.03529334068298,18.15638717254003,-0.006224631489933851,461.3273010253906,459.1649475097656,225.47384643554688,736.509521484375,36720000
306,46.039835135142006,18.54371126492818,-0.007256525530513803,464.4344787597656,464.0885314941406,233.6363525390625,655.6624145507812,36840000
307,46.04995742797851,18.279544100761413,-0.00678498092594206,453.51263427734375,461.3605041503906,239.91738891601562,802.7841796875,36960000
308,46.05555454889933,19.057783463795978,-0.007683044897582742,449.83233642578125,449.99072265625,196.92379760742188,797.5518188476562,37080000
309,46.04202875773112,18.339189592202505,-0.008429920785380697,455.1608581542969,439.9803771972656,194.86795043945312,736.1288452148438,37200000
310,46.03729378700256,16.970520018736522,-0.008282531511742188,459.0968933105469,455.2991638183594,178.17359924316406,882.5712280273438,37320000
311,46.03193316459656,18.405531016190846,-0.010898663931962649,437.5677185058594,428.59088134765625,186.19346618652344,659.7581787109375,37440000
312,46.041424137751264,17.48291404724121,-0.009087082857236055,443.4998779296875,430.21197509765625,128.2372283935547,739.9313354492188,37560000
313,46.0545618724823,19.2139177775383,-0.00811791795502965,446.9010009765625,436.7803649902344,246.73463439941406,795.1829223632812,37680000
314,46.051187156041465,17.571887043317158,-0.007530463236214094,471.9446716308594,461.69622802734375,202.8211212158203,692.5003662109375,37800000
315,46.0626012134552,17.96787929137548,-0.007498514898138638,476.5806884765625,478.5031433105469,208.21749877929688,777.7062377929688,37920000
316,46.05640640258789,19.313800557454428,-0.007108738434320306,453.27581787109375,442.59600830078125,183.6885986328125,718.8120727539062,38040000
317,46.04638874053955,20.21341542005539,-0.00748437272534223,485.07672119140625,472.68896484375,225.32980346679688,792.934326171875,38160000
318,46.049558690389,17.69716484149297,-0.00796130518773945,439.75250244140625,435.07769775390625,140.09190368652344,704.9675903320312,38280000
319,46.06037663141886,18.795655369758606,-0.007819793192835883,454.46514892578125,453.82672119140625,245.4890594482422,736.4546508789062,38400000
320,46.08776270548503,19.451106544335683,-0.007167882774765531,475.3231201171875,466.6317443847656,188.40457153320312,745.69970703125,38520000
321,46.11066354115804,20.388445173104603,-0.00686746865116523,467.3356018066406,459.6929931640625,241.98023986816406,806.9163208007812,38640000
322,46.11048249880473,20.230896298885344,-0.008483758219893693,470.8244323730469,470.9678955078125,242.54971313476562,690.0630493164062,38760000
323,46.111254081726074,20.01528182029724,-0.006912987207851984,471.1404724121094,479.25732421875,230.5302276611328,746.2911987304688,38880000
324,46.1244522412618,19.304593450228374,-0.006668610559616089,462.1210021972656,447.3040771484375,215.15557861328125,756.9494018554688,39000000
325,46.12100445429484,21.118664349714916,-0.006846854237869593,454.25146484375,452.5691223144531,211.21397399902344,701.0341796875,39120000
326,46.131601101557415,17.47151646614075,-0.007719785912008017,475.9926452636719,461.1882019042969,175.02992248535156,764.452880859375,39240000
327,46.15429520924886,18.06332715511322,-0.006970945108708596,450.04046630859375,449.22589111328125,215.59625244140625,731.0813598632812,39360000
328,46.16676527341207,17.92445499976476,-0.006561618462030765,446.843505859375,437.3218994140625,162.7338104248047,697.9182739257812,39480000
329,46.165804052352904,19.36683775742849,-0.010778722726029932,475.3899230957031,468.77154541015625,278.83343505859375,772.3017578125,39600000
330,46.15202369054158,19.827657574812573,-0.007377651277250455,461.76177978515625,447.8172607421875,204.18588256835938,700.451416015625,39720000
331,46.13509448369344,19.41449214696884,-0.007165603610759111,465.6221618652344,459.3254699707031,250.9375,736.3934936523438,39840000
332,46.11790492693583,18.46622098604838,-0.007678492562405381,453.9088439941406,458.02001953125,192.7310791015625,649.3197631835938,39960000
333,46.135248263676964,18.272270922660827,-0.007982454863158637,448.0728454589844,441.8194580078125,149.04168701171875,705.359619140625,40080000
334,46.138128445943195,19.501699090798695,-0.005847964047751854,445.86053466796875,459.7526550292969,205.01548767089844,646.3274536132812,40200000
335,46.12659158070882,19.91737495183945,-0.0069709171499755486,464.29693603515625,462.7616882324219,186.6890106201172,663.36767578125,40320000
336,46.121402238210045,20.425999454657237,-0.007398360726779743,471.7550354003906,465.2898254394531,158.8619384765625,788.379150390625,40440000
337,46.09703393936157,20.826422651608784,-0.007704715154514664,466.93194580078125,450.9726867675781,220.34971618652344,767.9689331054688,40560000
338,46.06792323112488,19.52653339544932,-0.007428032201908839,462.8526916503906,451.6220703125,265.1246337890625,713.1953125,40680000
339,46.04934265136719,18.89869522333145,-0.00708101202392451,453.8038330078125,450.80865478515625,222.2220001220703,717.4300537109375,40800000
340,46.02876606623332,21.13609808842341,-0.00691311849928752,481.6507568359375,482.2005615234375,239.79945373535156,760.5277099609375,40920000
341,46.03468466122945,19.15443684339523,-0.00585391694890859,478.9401550292969,456.7784729003906,207.6123809814453,788.5950317382812,41040000
342,46.04164437294006,20.247951018015545,-0.008629786128185515,455.6179504394531,449.3916015625,196.78981018066406,665.5827026367188,41160000
343,46.01344288508097,23.279515486558278,-0.007566229926469532,489.94158935546875,484.22760009765625,234.9279022216797,745.3228149414062,41280000
344,46.00470738093058,20.298561251958212,-0.005273440430634461,471.8653869628906,486.914794921875,189.9853057861328,687.0706787109375,41400000
345,46.01322803815206,21.140697282155354,-0.006795654582250185,472.99420166015625,467.2760925292969,223.0904083251953,759.5785522460938,41520000
346,46.02302780151367,19.239237648646036,-0.005783737202424769,466.9613952636719,468.6859130859375,205.09494018554688,700.0576782226562,41640000
347,46.01760649045308,21.140334668954214,-0.0076533447067928745,466.68902587890625,449.882568359375,242.5660400390625,750.697509765625,41760000
348,45.99674049377441,18.40949189742406,-0.008882661076750082,466.1100769042969,453.7830505371094,265.03466796875,675.0206909179688,41880000
349,45.985154202779135,20.648284929593405,-0.009066850130008484,458.3644104003906,456.5923156738281,194.9498748779297,751.9566650390625,42000000
350,45.99970660527547,19.139436768690747,-0.007804990459923526,469.1916198730469,466.1889343261719,250.64649963378906,725.8838500976562,42120000
351,46.0241793123881,20.64723502000173,-0.006658292361040973,491.49359130859375,487.0552062988281,206.42770385742188,733.0149536132812,42240000
352,46.02540633519491,20.032976703643797,-0.006619542731968977,472.56695556640625,485.3520812988281,247.46835327148438,747.265625,42360000
353,46.03575856844584,19.417474984327953,-0.006890210414258415,473.0573425292969,477.0777587890625,235.48379516601562,732.031494140625,42480000
354,46.05530073165894,18.10824716726939,-0.007788573578200158,458.3581848144531,441.5010070800781,225.54978942871094,791.5740966796875,42600000
355,46.07400183359782,19.513347651958465,-0.006201782732072919,463.21600341796875,449.42578125,167.99264526367188,805.9119873046875,42720000
356,46.108826580047605,18.37510780731837,-0.012435173997196973,493.5081481933594,505.5566101074219,171.86593627929688,744.3992309570312,42840000
357,46.141726700464886,18.854160856405894,-0.005804255117191133,467.43072509765625,456.55731201171875,253.0906982421875,797.3402709960938,42960000
358,46.15840852101644,19.217240839799246,-0.006283343372157712,478.0671691894531,478.0064697265625,180.5288848876953,731.1742553710938,43080000
359,46.167662868499754,17.70268743356069,-0.007178783468128434,458.9320983886719,466.4832763671875,192.93006896972656,691.3853759765625,43200000
360,46.184994605382286,17.43383868853251,-0.008377936326975638,484.4664611816406,478.4510192871094,265.58209228515625,708.7216186523438,43320000
361,46.17600610733032,18.163648573557534,-0.00696311030190221,475.8551025390625,457.7858581542969,278.6557312011719,807.7330322265625,43440000
362,46.16696839968363,19.36575183550517,-0.010061902502602915,488.6024475097656,485.16033935546875,262.8799743652344,730.88916015625,43560000
363,46.18503297487894,18.48919332265854,-0.008095498004505923,462.3260803222656,461.7815246582031,255.770263671875,800.5540771484375,43680000
364,46.181917657852175,19.651963537534076,-0.008177336808093969,463.3775634765625,466.6734313964844,197.86572265625,735.150146484375,43800000
365,46.134470027287804,19.960877960522968,-0.007626749160713189,472.0989685058594,471.4000549316406,192.5634765625,812.9404907226562,43920000
366,46.07703207969666,19.450324784119925,-0.00965090119399368,469.4728698730469,469.110595703125,254.18601989746094,706.0449829101562,44040000
367,46.04366563796997,18.124053101539612,-0.006546096970980291,453.5477294921875,449.9772644042969,217.48611450195312,749.1226196289062,44160000
368,46.038957103093466,18.32659652074178,-0.007621832953938489,481.6189880371094,472.9256286621094,253.6000518798828,706.5902099609375,44280000
369,46.05164574623108,18.015122365951537,-0.007747814254920134,457.25836181640625,455.7212219238281,268.4697265625,712.1387329101562,44400000
370,46.06083063443502,17.813058229287467,-0.006354221736992306,482.9292907714844,479.9288330078125,227.15435791015625,756.5201416015625,44520000
371,46.04580684026082,17.421823542118073,-0.008526986842372632,455.51007080078125,445.12066650390625,233.00880432128906,762.3202514648438,44640000
372,46.02893146197001,18.970538819630942,-0.008860256301062085,466.1656799316406,474.1204833984375,192.85438537597656,760.8793334960938,44760000
373,46.011087843577066,19.873311653931935,-0.0072812200084566335,487.9338684082031,489.2554931640625,244.64674377441406,722.8746948242188,44880000
374,46.00363142331441,17.373267290592192,-0.007231065669475356,463.44390869140625,452.5946044921875,259.00103759765625,752.0415649414062,45000000
375,46.002376572291055,16.929002187252046,-0.00700877805605766,458.1349792480469,445.5561828613281,223.90777587890625,724.239013671875,45120000
376,45.99763954480489,19.350341770648956,-0.0068655368625011445,482.7445068359375,462.26904296875,176.4320068359375,810.340087890625,45240000
377,46.00276440938314,19.209997475941975,-0.010015988966491326,462.3252258300781,458.0476379394531,167.5064239501953,746.07470703125,45360000
378,46.003790276845294,18.43305480003357,-0.006765385665312351,453.10888671875,459.32891845703125,208.3058624267578,641.0375366210938,45480000
379,46.00381961504618,19.4010352007548,-0.008312979132921706,475.0623779296875,479.22900390625,236.82675170898438,772.7542724609375,45600000
380,46.00919350306193,20.053276001612346,-0.006975992016294489,496.8194274902344,505.8632507324219,260.9129333496094,744.3327026367188,45720000
381,46.02595677693685,17.697116913795472,-0.006743238962105049,487.9871826171875,479.49609375,228.9385986328125,748.2717895507812,45840000
382,46.03616763114929,18.27640241940816,-0.005760810508030924,464.03765869140625,460.35040283203125,226.69329833984375,699.6592407226562,45960000
383,46.02739272753398,18.98440785884857,-0.007389189403044535,480.0674743652344,490.6942138671875,282.3853759765625,786.0204467773438,46080000
384,46.026051397323606,17.329561541875204,-0.007749212268249721,460.27362060546875,475.3213806152344,193.73158264160156,813.44873046875,46200000
385,46.03086384773255,18.223329141139985,-0.007276866352998089,477.4781188964844,482.3115234375,208.05003356933594,691.5199584960938,46320000
386,46.04326805750529,17.94457368214925,-0.0057832525252964236,464.6082763671875,449.3380126953125,253.84634399414062,780.8395385742188,46440000
387,46.07643090248108,17.657312188943227,-0.008102392470398172,462.04534912109375,455.4810485839844,276.3726501464844,679.9088134765625,46560000
388,46.10760499318441,17.636765735944113,-0.007297532756006812,477.7590637207031,466.5484313964844,221.49484252929688,727.7859497070312,46680000
389,46.140202646255496,18.604106379350025,-0.005278557429235396,483.9076843261719,466.6908264160156,285.9018249511719,778.1754150390625,46800000
390,46.14127413749695,17.636811667283375,-0.008437257311861686,475.3616943359375,467.66802978515625,226.77577209472656,730.0477905273438,46920000
391,46.109034541447954,18.919457942644755,-0.006236144595632898,472.7838134765625,476.02337646484375,230.08065795898438,732.5538940429688,47040000
392,46.076398859024046,17.00051575899124,-0.0077497705581633155,465.26666259765625,446.2691650390625,266.0989990234375,715.8984375,47160000
393,46.05671487490336,19.514350803693137,-0.006286008302045805,467.818115234375,464.65008544921875,262.3746032714844,738.9210815429688,47280000
394,46.03775593121846,20.078679243723553,-0.007550799897699107,489.7694396972656,487.9183654785156,184.67318725585938,784.9662475585938,47400000
395,46.04257133165995,17.123504373232525,-0.0065835096516305685,470.79547119140625,465.2601013183594,237.15785217285156,698.62451171875,47520000
396,46.08116600990295,16.76700960556666,-0.00728884948625667,487.4524230957031,491.4288330078125,227.50160217285156,813.3366088867188,47640000
397,46.10532939910889,16.760372608502706,-0.008783095711640574,489.96514892578125,496.7664794921875,268.2707214355469,743.69189453125,47760000
398,46.12722878774007,16.306812376181284,-0.006957569859581175,459.9859924316406,455.9824523925781,198.8002471923828,654.9452514648438,47880000
399,46.15733480771382,18.87213947057724,-0.006204007369400036,490.941162109375,481.3055114746094,263.9113464355469,754.092041015625,48000000
400,46.193420006434124,16.926297581195833,-0.008057896358494266,465.527099609375,475.72711181640625,214.7169647216797,740.1823120117188,48120000
401,46.213331651687625,17.597782170772554,-0.007429732874942753,480.524169921875,482.3502197265625,263.6738586425781,775.1624755859375,48240000
402,46.22620754559835,16.256884330113728,-0.00624468755487366,471.34490966796875,464.0252990722656,148.24847412109375,830.6104125976562,48360000
403,46.25594218571981,17.297167440255482,-0.007814807996952973,472.23077392578125,459.7204895019531,296.90802001953125,757.9861450195312,48480000
404,46.2341374874115,16.823849277496336,-0.010237026405848155,467.9842224121094,456.8429870605469,286.7774658203125,675.7816162109375,48600000
405,46.199427687327066,18.548259626229605,-0.007877871925687336,474.4451599121094,467.2355041503906,241.2129669189453,728.666015625,48720000
406,46.20194805145264,17.010002082983654,-0.00850853075335787,490.8539733886719,480.92913818359375,253.2810516357422,800.0333251953125,48840000
407,46.220704097747806,16.563109364509582,-0.00610309228426028,476.1502685546875,471.5964050292969,233.76048278808594,779.5928955078125,48960000
408,46.24747450510661,15.442827297846476,-0.007480716632829475,456.7019958496094,449.1546630859375,235.98367309570312,700.2516479492188,49080000
409,46.26491715749105,18.668539556662243,-0.009122114408770964,494.4680480957031,508.6975402832031,269.96875,719.2265014648438,49200000
410,46.24958740552267,17.77494526783625,-0.007790536915087311,466.6707763671875,472.8871154785156,266.05767822265625,644.843017578125,49320000
411,46.228368012110394,17.192048297723133,-0.007510719493441987,472.0593566894531,452.3861389160156,222.6967010498047,691.2630615234375,49440000
412,46.23213399887085,18.466200166543324,-0.006741174618731899,480.40924072265625,489.8454895019531,181.2511444091797,706.3411865234375,49560000
413,46.23087999979655,18.023386736710865,-0.006322618690057122,477.6539611816406,488.6453552246094,250.82211303710938,812.1278076171875,49680000
414,46.23726614634196,17.643466816743214,-0.006568162455240175,459.8974914550781,460.44775390625,230.22276306152344,743.5653686523438,49800000
415,46.273111550013226,17.582665270169574,-0.0062046920973125455,467.4035339355469,466.76849365234375,261.5901184082031,708.4512939453125,49920000
416,46.296595137914025,16.91692059914271,-0.008387927138276912,467.9194030761719,460.2758483886719,239.6515350341797,725.6925048828125,50040000
417,46.29186433156331,18.188201665878296,-0.006014542774610163,476.2998352050781,471.6394958496094,259.0970458984375,649.9558715820312,50160000
418,46.287156098683674,18.80125880877177,-0.009813530286828609,493.2309265136719,490.1419677734375,306.9564514160156,783.0020141601562,50280000
419,46.275582450230914,17.600909349123636,-0.008658806364829796,461.35076904296875,468.43450927734375,218.97303771972656,763.914306640625,50400000
420,46.270094054539996,16.477948346932727,-0.007246036907975698,459.75335693359375,457.16973876953125,239.4759979248047,717.2183227539062,50520000
421,46.27468935012817,17.422520826657614,-0.005875003801041506,463.2463684082031,454.686767578125,247.0547332763672,774.5491333007812,50640000
422,46.25449542681376,19.503235039710997,-0.007986467680332794,475.9227600097656,481.2757873535156,171.3808135986328,727.9857177734375,50760000
423,46.24429330825806,17.774164521694182,-0.007586167090867093,480.00531005859375,469.56304931640625,201.81590270996094,798.2607421875,50880000
424,46.25335437774658,16.362382978598276,-0.007269075288216603,443.1305236816406,437.0938720703125,201.2131805419922,682.5802612304688,51000000
425,46.25788638432821,16.86631093899409,-0.005761748690619394,474.1330871582031,478.64703369140625,213.21990966796875,746.787353515625,51120000
426,46.273688325881956,17.756953384081523,-0.005853486473324665,487.81787109375,486.4137268066406,183.6673583984375,786.9953002929688,51240000
427,46.30508754094442,19.397494524319967,-0.006426898114265593,479.4217224121094,478.57830810546875,208.75486755371094,738.6964111328125,51360000
428,46.33211772282918,17.111359202861784,-0.008599103748905084,490.42388916015625,484.2990417480469,196.83132934570312,793.4067993164062,51480000
429,46.33487984975179,18.107761738300322,-0.007879998039801042,464.63525390625,465.7845458984375,214.63739013671875,715.9716796875,51600000
430,46.33689252217611,17.16540516614914,-0.006803641435987326,476.5422058105469,477.6780700683594,244.02835083007812,783.9151000976562,51720000
431,46.34987115859985,19.347780861854552,-0.009819245937295213,482.57415771484375,467.74908447265625,264.13641357421875,768.8480224609375,51840000
432,46.35355153083801,18.171726767222086,-0.0064387030388146135,478.7865905761719,477.48797607421875,265.1181640625,737.9727783203125,51960000
433,46.35265819231669,17.837804009914397,-0.006751540995448977,482.1949768066406,485.56805419921875,226.61270141601562,788.5213623046875,52080000
434,46.350475498835245,17.228805950482688,-0.0066066947886358205,462.40240478515625,462.7515563964844,264.0636291503906,708.9913940429688,52200000
435,46.36515785853068,17.813848254680632,-0.0076244554321010585,477.05389404296875,481.6492614746094,213.3259735107422,741.4266967773438,52320000
436,46.37583220481873,17.122861464818318,-0.007681018598792851,473.3707580566406,471.1805419921875,231.1630096435547,739.6854858398438,52440000
437,46.38236477851868,17.075370184580485,-0.008194546776915862,462.6689758300781,459.53753662109375,158.81333923339844,727.5518188476562,52560000
438,46.39048650105794,19.410769018332164,-0.006832221681779629,469.3332214355469,463.2761535644531,182.71133422851562,735.3644409179688,52680000
439,46.38282035509745,19.691407089233397,-0.007193750234126431,466.1338806152344,458.42938232421875,207.07069396972656,797.1980590820312,52800000
440,46.37289864857991,18.708983239332834,-0.006656713728290621,493.712646484375,492.59539794921875,238.8551025390625,736.0506591796875,52920000
441,46.36977841059367,18.944469892978667,-0.007210776732073707,468.45697021484375,467.1001281738281,237.90521240234375,764.8206787109375,53040000
442,46.3756693649292,18.111551901499432,-0.007553185352099566,467.6249084472656,459.80303955078125,225.28269958496094,827.1193237304688,53160000
443,46.34993422190348,19.808454795678458,-0.008340729708303721,465.48248291015625,470.64654541015625,227.7742919921875,784.8759765625,53280000
444,46.299457960128784,20.118379460970562,-0.0063751270253775754,480.1459655761719,473.49652099609375,167.64210510253906,834.2855834960938,53400000
445,46.27477307955424,18.7987992199262,-0.00755960611233301,481.4521789550781,466.6291198730469,206.91970825195312,818.3948364257812,53520000
446,46.2971141020457,16.933848385016123,-0.009366723905259278,475.5213317871094,482.40509033203125,201.34588623046875,732.288330078125,53640000
447,46.33108143170675,18.427400827407837,-0.0062727578884945005,477.93023681640625,482.0596008300781,192.2610321044922,692.2297973632812,53760000
448,46.346225369771325,20.236724997361502,-0.006488695128570423,469.0733337402344,472.88580322265625,169.51356506347656,701.2732543945312,53880000
449,46.34586656252543,18.127310601870217,-0.006423285399505403,449.8394470214844,449.60418701171875,246.9188232421875,688.6392211914062,54000000
450,46.34936182022095,17.43537464618683,-0.005326464644961865,488.614013671875,487.5799560546875,262.8015441894531,718.6603393554688,54120000
451,46.388161436716715,16.84464473803838,-0.007796388950894955,490.4786682128906,503.8358459472656,201.1885528564453,744.34326171875,54240000
452,46.399147764841715,18.914583314259847,-0.008667691503951573,454.0604553222656,453.0304870605469,202.77197265625,732.4064331054688,54360000
453,46.36895113627116,18.71259207010269,-0.008264859353942788,482.9466552734375,491.1203308105469,242.23622131347656,791.1132202148438,54480000
454,46.362215455373125,17.30722824970881,-0.008544276171102563,452.8904724121094,449.5163269042969,199.78021240234375,685.3626098632812,54600000
455,46.369517148335774,18.340548618634543,-0.008172709253669079,488.6443786621094,483.3362121582031,279.8804931640625,708.0504760742188,54720000
456,46.38552523295085,17.106716193358103,-0.0062674211948238676,466.7713928222656,464.2314453125,172.70840454101562,707.1399536132812,54840000
457,46.40649822552999,19.44697933594386,-0.00570313901576886,474.3564453125,475.721923828125,225.29331970214844,743.349853515625,54960000
458,46.41595299402873,17.837198606332144,-0.007484472259196385,472.1949462890625,477.566650390625,229.79345703125,780.1528930664062,55080000
459,46.43075690905253,16.244967120488486,-0.008705865963681086,477.244140625,456.26129150390625,252.57284545898438,748.236328125,55200000
460,46.42729471842448,18.239207278092703,-0.007647863246464415,474.54443359375,466.3258056640625,234.88682556152344,776.9298095703125,55320000
461,46.37750833829244,17.52794687827428,-0.0077478107926663145,476.26129150390625,480.1337890625,209.8946075439453,764.5888671875,55440000
462,46.343208904266355,16.740356316566466,-0.006997190292167943,470.8927917480469,484.49847412109375,183.86839294433594,713.9093627929688,55560000
463,46.345507043202716,18.446854810714722,-0.006202403901797879,472.7730407714844,491.7568054199219,247.0205841064453,728.3881225585938,55680000
464,46.3748756313324,17.214294962882995,-0.008461935330414007,487.2174072265625,464.9772644042969,261.15533447265625,704.9854736328125,55800000
465,46.425728715260824,17.311769070625306,-0.00753477066009206,473.8540954589844,456.5737609863281,241.9718475341797,728.5628051757812,55920000
466,46.46708586374918,17.712973856131235,-0.00804573273509277,468.15924072265625,465.88262939453125,251.4488525390625,744.0836181640625,56040000
467,46.47440396944682,18.722327716350556,-0.006768378424085313,486.3428039550781,489.1619567871094,262.82940673828125,721.4692993164062,56160000
468,46.45812591552735,17.500256791909536,-0.008193726009837216,474.7840270996094,477.8272705078125,204.29904174804688,750.4501342773438,56280000
469,46.47838312784831,16.169145311514537,-0.008353793454468057,473.5353088378906,478.4320373535156,263.6345520019531,735.402587890625,56400000
470,46.51480406761169,17.241563919385275,-0.006375857392974164,486.2427978515625,508.7718811035156,206.00347900390625,737.551025390625,56520000
471,46.543858512242636,17.598838817278544,-0.0064936360260738485,454.0716247558594,446.8701477050781,189.97691345214844,712.2622680664062,56640000
472,46.56415136655172,18.052339816093443,-0.0070025851844153905,466.8101806640625,456.1735534667969,245.89674377441406,697.9910278320312,56760000
473,46.58084226926168,17.42937164704005,-0.008948507653563713,490.2193908691406,471.4899597167969,246.78700256347656,775.566162109375,56880000
474,46.587393039067585,17.566325420538586,-0.007268014444550015,470.0068359375,442.569580078125,241.23611450195312,818.7026977539062,57000000
475,46.59397314071655,16.514806304772694,-0.008468326217454584,467.371826171875,466.6573486328125,215.23760986328125,739.2711791992188,57120000
476,46.629571771621706,18.36998544216156,-0.0054503972144996915,491.1725769042969,482.036865234375,277.95672607421875,733.6765747070312,57240000
477,46.638131109873456,19.114763113657634,-0.00742477998932164,486.90179443359375,481.6326599121094,267.29949951171875,838.28955078125,57360000
478,46.61950821558634,17.47739178578059,-0.007817424661822467,477.33343505859375,469.5614013671875,248.1785430908203,723.5612182617188,57480000
479,46.616124658584596,16.284901236693063,-0.008506079792103568,461.747802734375,464.06329345703125,153.94229125976562,723.1370239257812,57600000
480,46.63675013860067,16.042324871222178,-0.006527521924038713,473.0191955566406,465.95086669921875,154.71755981445312,689.5113525390625,57720000
481,46.657914873758955,18.044094622135162,-0.008804702387994136,482.0750732421875,468.8350830078125,285.82196044921875,725.6505126953125,57840000
482,46.65296093622843,19.289414023558297,-0.006480146175035771,478.69732666015625,471.04443359375,214.8967742919922,780.8341674804688,57960000
483,46.63057206789652,18.39271744330724,-0.007787692289448387,482.3894348144531,491.2561950683594,241.19863891601562,771.3587646484375,58080000
484,46.63752243677775,16.641409503618878,-0.006451982177180374,461.88726806640625,460.626708984375,231.64572143554688,706.969970703125,58200000
485,46.644926357269284,18.984397172927856,-0.007876912835197345,469.78564453125,461.797607421875,254.24339294433594,809.5758666992188,58320000
486,46.64576623916626,17.026292191346485,-0.007424553192377062,456.38812255859375,446.80712890625,203.2493896484375,712.7313842773438,58440000
487,46.658020407358805,18.977665865421294,-0.006499349820987845,481.249755859375,470.6973571777344,231.77635192871094,789.3114013671875,58560000
488,46.655383081436156,17.802324941158293,-0.004878618486415008,483.42486572265625,485.9535827636719,230.80958557128906,751.3011474609375,58680000
489,46.66785115242004,18.410712208747864,-0.006099008391944759,494.14117431640625,507.269775390625,174.926025390625,716.8025512695312,58800000
490,46.68445248603821,17.313434909979502,-0.008158162232612086,471.72998046875,477.5692443847656,240.35150146484375,728.5699462890625,58920000
491,46.710813490549725,16.9129759200414,-0.007335754160684473,492.80523681640625,497.3418273925781,248.3744659423828,778.959228515625,59040000
492,46.73144457817077,17.861970318158466,-0.007019345837463031,475.1402587890625,477.77667236328125,256.42242431640625,755.0538330078125,59160000
493,46.7372363503774,18.885341805617013,-0.007075707973854151,473.6171875,466.3951416015625,176.11805725097656,844.11962890625,59280000
494,46.7588600063324,17.382728215058645,-0.0064302260174523935,461.40338134765625,457.7449035644531,218.48280334472656,723.6023559570312,59400000
495,46.78176992098491,16.861252730687458,-0.0094120287386977,485.8443603515625,470.0773620605469,211.42544555664062,979.6192016601562,59520000
496,46.79193826993306,17.54101926088333,-0.007312880192099935,478.8113098144531,477.9627685546875,242.85592651367188,725.4404907226562,59640000
497,46.7898203086853,16.357000145117443,-0.011013003684017047,481.9827880859375,486.06854248046875,262.51611328125,715.9413452148438,59760000
498,46.788185059229534,17.496670994758606,-0.008196577840353712,490.89508056640625,490.1361083984375,207.0090789794922,824.1555786132812,59880000
499,46.785931768417356,18.616131099065147,-0.00934020125548841,496.2316589355469,505.1546325683594,252.67822265625,747.5027465820312,60000000
500,46.79751448949178,16.79886027097702,-0.00973749461139505,470.9467468261719,464.808349609375,241.148193359375,809.0914306640625,60120000
501,46.82480519294739,16.143442826271055,-0.006785022317380178,469.5330505371094,475.8516845703125,194.32919311523438,764.250244140625,60240000
502,46.83451949755351,17.936214938958486,-0.00647282259900597,486.15582275390625,488.7187194824219,250.11978149414062,713.6945190429688,60360000
503,46.83086537361145,19.19482231537501,-0.008687411870262925,473.7842712402344,470.2557067871094,252.0267791748047,736.7106323242188,60480000
504,46.84261976877848,16.8366720922788,-0.009818209009342051,475.6840515136719,467.4041442871094,224.9737091064453,763.9688720703125,60600000
505,46.84393930753072,17.66601424773534,-0.007610894285292791,467.4197692871094,473.7393798828125,272.8358154296875,708.8047485351562,60720000
506,46.814070835113526,18.032032163143157,-0.005858564656145973,481.37335205078125,471.992919921875,262.61199951171875,733.8681640625,60840000
507,46.81534107208252,16.2603138589859,-0.009893703507899166,463.85162353515625,451.0650939941406,229.3135528564453,812.5300903320312,60960000
508,46.83472883542379,17.27143037637075,-0.006481813493931744,482.3015441894531,483.75604248046875,262.09014892578125,687.2172241210938,61080000
509,46.83286115964254,17.68599169333776,-0.006087936765758665,468.2791442871094,465.7646179199219,208.71482849121094,718.9380493164062,61200000
510,46.81346894582113,18.4605922071139,-0.007866844605141523,442.07037353515625,435.6618957519531,219.87501525878906,661.0310668945312,61320000
511,46.79246109644572,16.77143709977468,-0.008128071298927656,454.16815185546875,442.38800048828125,208.9822540283203,704.433837890625,61440000
512,46.77176784833272,17.229461696942646,-0.008351012703430267,481.60247802734375,467.3576354980469,231.1620635986328,726.4097290039062,61560000
513,46.7965236790975,16.759208861986796,-0.009314882003466968,476.5019836425781,476.44512939453125,207.7306365966797,727.5703735351562,61680000
514,46.82990679105123,16.97766013542811,-0.009444338259472716,473.34613037109375,472.297607421875,233.6619415283203,762.590087890625,61800000
515,46.829856119155885,18.661489149729412,-0.007561339466278696,459.4090881347656,448.6269226074219,213.71337890625,681.47216796875,61920000
516,46.84060206095378,18.591366146405537,-0.00902600165187323,485.6792907714844,485.1129455566406,283.3778381347656,741.8821411132812,62040000
517,46.87502143224081,16.146542711257936,-0.008704476017683191,460.10394287109375,465.9013671875,178.3805389404297,726.718994140625,62160000
518,46.902143754959106,16.945981566111247,-0.0076396385542951365,473.70562744140625,471.2327575683594,253.72274780273438,671.5526733398438,62280000
519,46.903028593063354,17.040891791184745,-0.008019877242871492,477.60638427734375,479.5412902832031,229.0561065673828,758.365478515625,62400000
520,46.90200524648031,17.215441366831463,-0.006933167022285431,487.681640625,486.45794677734375,227.0776824951172,777.59521484375,62520000
521,46.93651951154073,16.58981149196625,-0.008555473414938508,487.3597412109375,492.5008850097656,195.1212615966797,736.2274780273438,62640000
522,46.99499797821045,17.096885662078858,-0.007588522039878119,474.44427490234375,478.9554443359375,141.00511169433594,705.7412109375,62760000
523,47.02193391799927,16.219424816767376,-0.006451629411826616,479.8302917480469,485.861572265625,214.9217987060547,746.5397338867188,62880000
524,47.02944277127584,16.009170200824737,-0.009007823970999501,468.94647216796875,478.07550048828125,194.93421936035156,678.645751953125,63000000
525,47.03675787289937,18.003580095767976,-0.008115932341750067,483.60748291015625,482.35418701171875,180.7736358642578,726.5549926757812,63120000
526,47.020750284194946,19.122016855080922,-0.008309801848476302,479.1260681152344,483.17120361328125,179.58631896972656,810.02587890625,63240000
527,47.040928297042846,16.335033376216888,-0.009309045521489073,472.5833435058594,463.3685607910156,180.0208740234375,757.7847900390625,63360000
528,47.089248161315915,17.511931150754293,-0.007056326485550623,469.09918212890625,449.7147521972656,226.4605712890625,812.6463623046875,63480000
529,47.09773167292277,17.097837364673616,-0.008020014516496303,474.3224182128906,484.6916198730469,241.5227508544922,750.2507934570312,63600000
530,47.09498713175456,17.71577620267868,-0.007668015330473281,459.16217041015625,471.28192138671875,151.28318786621094,682.9380493164062,63720000
531,47.10283478418986,18.32911695718765,-0.007948848207130746,469.8450012207031,466.5780334472656,215.2924346923828,698.0328979492188,63840000
532,47.11988066355387,17.607361348470054,-0.007435807754488147,463.9441223144531,458.664794921875,222.0578155517578,788.0407104492188,63960000
533,47.13834109942118,17.52126277923584,-0.007791098434139106,463.9723815917969,447.5731506347656,228.00485229492188,748.797607421875,64080000
534,47.1506130250295,17.111462608973184,-0.007601959395659227,470.2567138671875,490.4200744628906,132.24559020996094,776.0401611328125,64200000
535,47.16673483212789,18.3296883893013,-0.00680912813176595,493.34320068359375,491.0586853027344,161.8565216064453,808.0481567382812,64320000
536,47.19244066238403,16.993107380072274,-0.007165097294173393,476.89569091796875,483.22222900390625,269.8006896972656,707.0608520507812,64440000
537,47.19280665397644,17.676769864559173,-0.00892019867859138,499.06597900390625,498.2354736328125,283.8920593261719,753.902587890625,64560000
538,47.18510803858439,17.79639749288559,-0.006545525231564777,488.2409973144531,499.5254821777344,198.48202514648438,823.3143310546875,64680000
539,47.17071584701538,18.601441475550335,-0.006007717917010495,463.1164855957031,459.3262939453125,226.3385467529297,737.5482788085938,64800000
540,47.175604823430376,16.831263449986775,-0.007977358118581227,471.0696105957031,474.4156799316406,213.825927734375,772.4102172851562,64920000
541,47.197875054677326,17.31096396366755,-0.007364304637121677,476.5863037109375,482.2800598144531,164.82875061035156,736.7155151367188,65040000
542,47.22104339281718,17.741470156510672,-0.007798603832191778,471.2120056152344,457.85345458984375,209.69338989257812,834.5538940429688,65160000
543,47.24309907913208,18.471169446309407,-0.0068406104595821185,488.52392578125,482.7239685058594,179.88967895507812,757.7015380859375,65280000
544,47.22549866676331,18.339217681884765,-0.0076573778463208935,474.15618896484375,480.1569519042969,235.12110900878906,750.4341430664062,65400000
545,47.21972912152608,17.52888192097346,-0.008458175126143032,486.1526184082031,479.97735595703125,218.24935913085938,722.6875610351562,65520000
546,47.24878530502319,17.75051030317942,-0.009739409489845153,480.7779541015625,471.5292053222656,215.08326721191406,836.8602905273438,65640000
547,47.27207711855571,17.195483184655508,-0.006066754146924419,480.2974853515625,483.48553466796875,196.3407745361328,779.9913330078125,65760000
548,47.306383028030396,16.949377230803172,-0.010806966517876618,471.892333984375,464.3382568359375,295.1535339355469,746.5724487304688,65880000
549,47.3486181863149,16.871670819918315,-0.008007342415930907,473.69940185546875,456.416259765625,242.11561584472656,841.2684326171875,66000000
550,47.36314172108968,17.703502453168234,-0.00742190900393022,464.7393493652344,465.23638916015625,236.95550537109375,730.8151245117188,66120000
551,47.35937257448832,18.0760520251592,-0.007331693812850517,476.4646301269531,469.2174987792969,282.2187194824219,722.4576416015625,66240000
552,47.34805154800415,16.47958829720815,-0.008433320329683434,476.0926513671875,474.25872802734375,249.439208984375,717.4771118164062,66360000
553,47.34035592397054,17.466203112602233,-0.009484021912376192,475.0426330566406,467.5525207519531,209.9487762451172,801.1029052734375,66480000
554,47.3432679049174,17.742191208998364,-0.005393696287173952,481.5782165527344,484.84454345703125,202.1542510986328,746.0045776367188,66600000
555,47.37834194819133,16.83313321510951,-0.010302467167055815,479.9488830566406,468.7014465332031,253.8037109375,784.8992919921875,66720000
556,47.41337909698486,16.451842722098032,-0.009861352190408373,482.5059509277344,463.023193359375,232.6463623046875,743.290771484375,66840000
557,47.406841325759885,17.363309443791707,-0.0087259064150309,451.8092041015625,453.6608581542969,229.99720764160156,716.5502319335938,66960000
558,47.40540148417155,17.114991210301717,-0.006972213434880056,464.9481201171875,459.8115539550781,186.99380493164062,714.7176513671875,67080000
559,47.426801223754886,16.51344016710917,-0.007708710479068941,478.99755859375,477.40179443359375,193.2459259033203,804.763916015625,67200000
560,47.44285379091899,17.07351719458898,-0.008874318125623783,478.2009582519531,469.5832824707031,216.58628845214844,817.34423828125,67320000
561,47.45124210357666,16.59975904226303,-0.007207128993923106,469.6846618652344,470.909423828125,231.96939086914062,678.9306030273438,67440000
562,47.45105297724406,16.08078253030777,-0.007028426197854667,473.98681640625,463.9977722167969,242.63223266601562,705.800537109375,67560000
563,47.463815126419064,16.10656933784485,-0.009087723343588247,465.2593688964844,465.8741760253906,230.03321838378906,810.1414184570312,67680000
564,47.4883606338501,17.62583338022232,-0.007788942865348266,463.0520935058594,452.6380615234375,264.5892333984375,706.6861572265625,67800000
565,47.506897869110105,17.440384596188863,-0.006983370797352109,476.6356201171875,467.0624084472656,277.8702392578125,780.6809692382812,67920000
566,47.53911927858989,16.02274475812912,-0.008611415414314554,458.7253723144531,449.4391174316406,184.1558380126953,719.959716796875,68040000
567,47.59066464742025,16.803389972845714,-0.008074087025482488,466.6865234375,471.3584899902344,186.8411865234375,731.44921875,68160000
568,47.61313661893209,16.281700026194255,-0.0077735837001516,466.67633056640625,454.9971008300781,191.16929626464844,740.8064575195312,68280000
569,47.58917260169983,17.363746761480968,-0.005758830750219204,469.3704833984375,455.5118408203125,256.9400329589844,761.321044921875,68400000
570,47.57550075213114,15.878583084742228,-0.007918679777461269,470.1835021972656,466.3110656738281,214.83055114746094,706.0524291992188,68520000
571,47.558378286361695,17.615708848635357,-0.012853719283750707,467.3450012207031,470.39739990234375,201.79737854003906,698.5222778320312,68640000
572,47.554856847127276,17.335513673623403,-0.009019602110789341,477.52398681640625,466.53302001953125,216.06495666503906,741.8651123046875,68760000
573,47.57267559051514,17.121126652558644,-0.008582029360579781,472.66259765625,459.779541015625,267.5989685058594,697.2108154296875,68880000
574,47.60048584620158,15.815652079582215,-0.007021792455861942,457.7438049316406,452.78875732421875,208.6897735595703,766.6559448242188,69000000
575,47.631211522420244,18.18181403319041,-0.007323254457107093,476.4728088378906,472.44586181640625,193.43896484375,862.717041015625,69120000
576,47.64279076258342,17.686369003454843,-0.008549141539685176,470.9048767089844,485.5055236816406,230.01864624023438,704.2006225585938,69240000
577,47.64517908414205,16.345648787816366,-0.008685578679351238,476.1935119628906,483.5382995605469,207.41439819335938,818.3818359375,69360000
578,47.65252946535746,17.400572479565938,-0.00964376899277866,495.1148986816406,494.5289306640625,206.37286376953125,767.859130859375,69480000
579,47.68271154721578,15.858368617693584,-0.00958677319456001,488.98101806640625,472.8721008300781,168.8291778564453,847.7402954101562,69600000
580,47.6931134001414,17.826649073759715,-0.00799672580884741,488.716552734375,483.6188659667969,227.23211669921875,774.834228515625,69720000
581,47.69901203473409,17.401808683872222,-0.007900817480120281,495.04156494140625,482.34674072265625,251.6708526611328,869.5192260742188,69840000
582,47.728696530659995,17.82178475856781,-0.007978999914093378,476.7931823730469,485.1136169433594,216.51873779296875,753.03564453125,69960000
583,47.761110865275064,17.027749807039896,-0.006417950288205247,477.08428955078125,465.0259094238281,249.33145141601562,782.896484375,70080000
584,47.801392215092974,19.025021386941273,-0.00742990464092145,481.9544372558594,491.8731384277344,239.7258758544922,712.6002197265625,70200000
585,47.81441517512003,16.575403770605725,-0.008152157018374358,474.7807312011719,483.4637756347656,179.94277954101562,679.6146240234375,70320000
586,47.84051980018616,17.18066205739975,-0.006272978760610688,466.7159118652344,463.89697265625,185.46185302734375,759.7498779296875,70440000
587,47.88563394546509,17.316930061181385,-0.008263607821180206,456.5079345703125,463.0589904785156,210.35113525390625,750.0322265625,70560000
588,47.92478061040242,19.092882560888928,-0.008148393594221185,502.4100646972656,500.849853515625,172.1964569091797,853.5392456054688,70680000
589,47.93382799784342,17.400001498063407,-0.006949077991798731,474.9616394042969,459.2787170410156,250.3789520263672,820.76806640625,70800000
590,47.918997373580936,17.637868861357372,-0.006361566003115513,466.33349609375,457.43426513671875,175.3310089111328,808.7537231445312,70920000
591,47.925015958150226,17.991157581011453,-0.005674238850576785,486.4395446777344,482.36688232421875,201.00706481933594,797.0390625,71040000
592,47.916862656275434,18.357040842374165,-0.008844701530521491,465.3838195800781,471.1089172363281,212.6552734375,772.6538696289062,71160000
593,47.90749587059021,17.92305336713791,-0.007656724814784563,478.3330993652344,488.7693176269531,200.13546752929688,782.7916259765625,71280000
594,47.90106652577718,18.041636233329772,-0.00856359520728688,460.8551330566406,457.507080078125,262.8485412597656,692.7106323242188,71400000
595,47.89560397783915,16.830363647937773,-0.006166572378413851,452.3187255859375,471.8271179199219,219.63204956054688,712.5875854492188,71520000
596,47.90608393351237,18.425293985207876,-0.00787325495563588,487.7779235839844,493.3542785644531,191.98257446289062,721.0177001953125,71640000
597,47.926919021606444,17.780165973504385,-0.0070008956413122785,475.5068664550781,466.15087890625,183.76162719726562,754.1119995117188,71760000
598,47.9608775583903,18.103158125877382,-0.009565406029696912,500.5076599121094,485.6595153808594,272.4318542480469,827.5734252929688,71880000
599,47.99706665674845,17.49529232899348,-0.008642624211304337,481.3690490722656,491.3955078125,238.5562744140625,684.19287109375,72000000
600,48.002088098526,17.042158212661743,-0.00583998795397747,455.3851318359375,441.06781005859375,157.49354553222656,705.2015991210938,72120000
601,47.967577333450315,17.211565911769867,-0.00741009986000184,468.7027893066406,470.8708190917969,194.5467529296875,720.1357421875,72240000
602,47.945700028737384,18.791134875615437,-0.007917170490761691,492.794677734375,491.9126892089844,261.0246887207031,740.6183471679688,72360000
603,47.912069431940715,19.531544009844463,-0.007891568946024562,469.39984130859375,473.3846435546875,128.6492156982422,722.8733520507812,72480000
604,47.87038466135661,18.375480738480885,-0.007702654378263863,475.30950927734375,462.7183837890625,182.6015167236328,719.0426025390625,72600000
605,47.89210425694784,17.503614480495454,-0.006971255756373769,485.28997802734375,474.87738037109375,234.9635009765625,846.4930419921875,72720000
606,47.91843146642049,17.31128353913625,-0.00514727486042375,482.5982666015625,486.11859130859375,148.99398803710938,785.9403686523438,72840000
607,47.942135925292966,17.422073578039804,-0.008530118534582697,505.8538513183594,506.8875427246094,258.33245849609375,763.9336547851562,72960000
608,47.97787615140279,16.435149745146433,-0.009277680166384623,469.0671081542969,464.44720458984375,173.41578674316406,782.5269775390625,73080000
609,47.98717349688212,18.697258659203847,-0.008089408633813945,480.35748291015625,476.2496337890625,194.90255737304688,685.7149047851562,73200000
610,47.97648412386577,18.632715839544932,-0.008019131690549935,463.64654541015625,460.114501953125,223.3387908935547,760.6771240234375,73320000
611,47.98389808019002,17.153981130917867,-0.007914816367245597,463.68194580078125,459.074951171875,168.21412658691406,782.0389404296875,73440000
612,48.00649354616801,18.63889219601949,-0.009959607318058564,468.83099365234375,482.1709899902344,206.68252563476562,814.503173828125,73560000
613,48.00922175725301,18.313833429018658,-0.008415441305636099,472.47467041015625,479.1189270019531,207.50933837890625,762.3004150390625,73680000
614,47.999090099334715,16.722034170627595,-0.009738415736357335,465.7449035644531,444.3043518066406,173.8418426513672,839.236083984375,73800000
615,47.989646422068276,16.925583872000377,-0.006210049239404422,491.86187744140625,495.5201416015625,276.5648498535156,769.0097045898438,73920000
616,47.993979647954305,18.281193308035533,-0.009132577240690503,488.4601745605469,477.463623046875,209.64785766601562,787.9651489257812,74040000
617,47.981424198150634,18.25953027566274,-0.0069484499618882485,486.12298583984375,482.01068115234375,199.81021118164062,799.9564208984375,74160000
618,47.98461805979411,17.226420917510985,-0.007910841537280552,484.7355041503906,480.94696044921875,248.52072143554688,784.0624389648438,74280000
619,48.00795475641886,18.1846205274264,-0.007817489831089309,488.0108947753906,492.9034118652344,240.3191375732422,696.0865478515625,74400000
620,48.029481150309245,17.630930036703745,-0.007418952483152073,488.15374755859375,489.8076171875,261.3005065917969,766.0147094726562,74520000
621,48.04113035519918,16.375948501427967,-0.009230380877052085,461.42535400390625,448.57733154296875,208.71554565429688,731.7247314453125,74640000
622,48.04137138366699,18.095592521031698,-0.007656217936976948,490.2434997558594,486.21466064453125,238.6461639404297,775.2661743164062,74760000
623,48.05276222546895,16.235186746915183,-0.008097815153397126,467.1662292480469,468.7646179199219,185.78488159179688,748.4374389648438,74880000
624,48.05235350608826,17.15237934033076,-0.006981836495118235,470.9319763183594,474.8329772949219,251.9894256591797,735.3076171875,75000000
625,48.06514314333598,18.09486620267232,-0.008286525106799824,484.8336181640625,486.6168212890625,199.68231201171875,730.6358032226562,75120000
626,48.08825834910075,16.939916536808013,-0.0083080014527665,470.9927978515625,466.7308654785156,247.5514678955078,708.0628662109375,75240000
627,48.11249373435974,16.061082514921825,-0.007447195178669972,497.8377380371094,502.6588134765625,183.7438507080078,726.5299072265625,75360000
628,48.13735210418701,18.376283543904623,-0.006700939581697487,491.4588317871094,488.9188537597656,249.50628662109375,847.396728515625,75480000
629,48.18335403760274,16.50061517794927,-0.009633777956141027,501.7328796386719,500.1668701171875,273.3388366699219,769.2559814453125,75600000
630,48.22857316652934,17.1971319882075,-0.008372414565583313,487.8003845214844,499.7948913574219,203.30606079101562,785.0038452148438,75720000
631,48.235553941726685,17.6237859916687,-0.00796283107129966,474.7390441894531,462.4654235839844,229.63316345214844,690.0552978515625,75840000
632,48.246322285334266,16.703122593561808,-0.006902756816438872,473.841552734375,474.9454040527344,165.466796875,708.6212158203125,75960000
633,48.26881481806437,17.78056302388509,-0.006627472851047666,487.5313415527344,475.3210754394531,231.8695831298828,742.7339477539062,76080000
634,48.29622097015381,17.799575044314068,-0.00943271556330122,472.5671691894531,468.14239501953125,202.86740112304688,772.367919921875,76200000
635,48.316890802383426,18.799334797859192,-0.007920663541902588,471.429443359375,468.70416259765625,243.0749053955078,827.201171875,76320000
636,48.31939916292826,17.79588131984075,-0.007903838206487612,467.9101867675781,468.6888427734375,214.6930694580078,815.7449951171875,76440000
637,48.31099164644877,18.4353613392512,-0.008168882006237178,458.8165588378906,459.041259765625,249.13412475585938,700.76123046875,76560000
638,48.294146788915,16.516200484434762,-0.009095332837096065,468.7984313964844,461.4679870605469,126.53662109375,697.7335205078125,76680000
639,48.30694324175517,17.94620518128077,-0.00793137645054003,476.7186584472656,479.035888671875,175.0850067138672,745.012451171875,76800000
640,48.345333150227866,17.952090287208556,-0.008139029222675162,505.7016296386719,502.2109069824219,254.421142578125,786.66455078125,76920000
641,48.34979328155518,18.101911869049072,-0.008884176683418446,448.49176025390625,444.9811706542969,168.41390991210938,674.5405883789062,77040000
642,48.33642244974772,16.73955016454061,-0.007576117608235412,478.3147277832031,485.7051086425781,240.76231384277344,729.3143920898438,77160000
643,48.34636459986369,16.472034516334535,-0.007203506134743899,483.95440673828125,492.74261474609375,210.70364379882812,805.3229370117188,77280000
644,48.36318300247192,17.799899570941925,-0.00693671763048466,477.0369567871094,471.4001770019531,197.13507080078125,815.8483276367188,77400000
645,48.36219887733459,16.367322843869527,-0.006015631314652031,485.57177734375,493.6455383300781,171.03060913085938,782.0068969726562,77520000
646,48.36611845652262,17.11598830620448,-0.007997422443684172,475.26812744140625,472.27899169921875,252.68881225585938,716.29638671875,77640000
647,48.39320647875468,16.267817307313283,-0.006978195199791723,473.3084411621094,469.5753479003906,213.2096405029297,697.0997314453125,77760000
648,48.43511954307556,18.051252365907033,-0.00911727616664848,491.5943298339844,483.68304443359375,254.0624542236328,799.3267822265625,77880000
649,48.462222560246786,17.577680587768555,-0.007539138342486029,470.8002624511719,472.583740234375,191.417724609375,805.5692138671875,78000000
650,48.470324176152545,17.491883578300477,-0.010410021105738755,482.4039611816406,472.6756896972656,275.04425048828125,805.3764038085938,78120000
651,48.46512344360352,19.440936622619628,-0.007598062765379533,478.9519348144531,479.560546875,235.99591064453125,755.2144165039062,78240000
652,48.47095830281575,18.03704873641332,-0.0063659885051523205,475.7718505859375,474.31048583984375,143.34617614746094,769.2866821289062,78360000
653,48.49239713350932,17.149694781303406,-0.007065897850294694,476.2197570800781,482.22259521484375,238.84898376464844,672.5447998046875,78480000
654,48.50007848739624,18.909300140539806,-0.008897082594706186,476.3116149902344,490.3155212402344,247.76344299316406,668.3513793945312,78600000
655,48.475501985549926,17.948079279263816,-0.008959132432028127,470.3920593261719,458.6199645996094,251.7637481689453,772.2611694335938,78720000
656,48.46179375012716,17.352513313293457,-0.007810786846306049,477.7845153808594,462.3053894042969,226.21673583984375,753.9608764648438,78840000
657,48.449557094573976,17.214463198979697,-0.01211534606261163,486.8973693847656,487.266845703125,194.18601989746094,762.0586547851562,78960000
658,48.43785990079244,18.304449105262755,-0.007713531513571941,469.82806396484375,460.79351806640625,271.87066650390625,734.5603637695312,79080000
659,48.45420478820801,16.58541091521581,-0.007455698926684515,474.86773681640625,464.5273132324219,188.74974060058594,735.6466674804688,79200000
660,48.45983537356059,17.843293421268463,-0.007251558079557677,471.9493713378906,461.48382568359375,219.99459838867188,710.7610473632812,79320000
661,48.45560257593791,16.303390765984854,-0.0070768983370877924,452.31585693359375,462.57879638671875,228.66770935058594,762.8591918945312,79440000
662,48.447998170852664,18.598879466851553,-0.009929668857447116,464.1160583496094,460.8706359863281,245.4622039794922,804.7239379882812,79560000
663,48.4430087184906,18.097134167353314,-0.009584380944561417,498.1651306152344,499.9324035644531,276.846435546875,839.3880615234375,79680000
664,48.446822570165,15.944881412188211,-0.009197347179880732,460.1544494628906,448.0868835449219,221.41192626953125,671.029052734375,79800000
665,48.45057833989461,17.099671436150867,-0.008082684374215509,477.82373046875,487.79168701171875,171.4834747314453,706.6602783203125,79920000
666,48.452259588241574,18.78975022236506,-0.006329909559412954,490.9762268066406,468.28363037109375,303.1468505859375,759.8875732421875,80040000
667,48.4267618115743,18.288560147285462,-0.007817538009727135,475.0338134765625,487.7510681152344,256.1444396972656,781.7702026367188,80160000
668,48.38418512662252,20.033537454605103,-0.008422281119377052,490.4022521972656,490.1437072753906,265.0433349609375,713.5687866210938,80280000
669,48.38111633300781,17.407493924299875,-0.007430597524989935,486.9852600097656,483.165771484375,270.79608154296875,716.1566772460938,80400000
670,48.41900505383809,17.62923623641332,-0.008018725669423172,476.6423645019531,473.6307373046875,251.38662719726562,752.895751953125,80520000
671,48.45236345609029,16.829426902135214,-0.007613967886269771,482.26116943359375,470.8085632324219,168.0528564453125,807.4053955078125,80640000
672,48.443612321217856,18.18021125793457,-0.00932419751635128,482.83984375,479.0306091308594,287.5839538574219,671.4087524414062,80760000
673,48.39328200658162,17.359491177399953,-0.008328995090779851,470.2222900390625,466.3454284667969,229.5325927734375,704.680419921875,80880000
674,48.34290491739909,20.269873696168265,-0.006782463927248727,459.13958740234375,448.89715576171875,264.05450439453125,683.0536499023438,81000000
675,48.30909738858541,16.799113303025564,-0.0078008212955289,475.71240234375,469.4898376464844,212.00804138183594,739.4749755859375,81120000
676,48.31241484006246,17.452645434538525,-0.007596055174661463,474.64739990234375,472.319580078125,166.675048828125,722.9948120117188,81240000
677,48.31556616783142,17.316965142091114,-0.007297590210710041,481.372802734375,479.3135681152344,297.3327331542969,755.3548583984375,81360000
678,48.30506939252218,17.175451804002126,-0.007988630554998129,484.2701416015625,483.20745849609375,246.01039123535156,747.2411499023438,81480000
679,48.3084258556366,16.05934547662735,-0.009824238540846035,461.78436279296875,477.4755554199219,233.9665985107422,775.8355712890625,81600000
680,48.34462080955505,16.909198569456738,-0.009356144945662285,470.27093505859375,472.13787841796875,195.9086151123047,686.7277221679688,81720000
681,48.363848530451456,18.31164536078771,-0.009177361817597405,485.8033447265625,497.4874572753906,152.61572265625,743.3075561523438,81840000
682,48.3692863368988,18.41250683228175,-0.0074229148023823655,465.6936340332031,467.8994140625,223.4058074951172,703.8021240234375,81960000
683,48.415539293289186,15.390681555668513,-0.007824230502380184,483.45562744140625,486.9994201660156,169.1456756591797,735.1138305664062,82080000
684,48.451869599024455,16.624138669172922,-0.00786137998184131,500.2291564941406,476.6851501464844,185.29745483398438,828.0950317382812,82200000
685,48.44110962867737,18.104013543128968,-0.010008955372965526,481.7853698730469,494.962646484375,211.91358947753906,777.6491088867188,82320000
686,48.42173540115356,17.733276892503103,-0.0076751650710048126,475.0908508300781,463.4900817871094,248.68191528320312,720.744873046875,82440000
687,48.408516031901044,18.184074125289918,-0.009690357094744589,463.2225036621094,447.32745361328125,224.65948486328125,782.24560546875,82560000
688,48.39459645907084,17.72569349447886,-0.00810085789673091,491.2317199707031,491.9598388671875,271.385498046875,720.5367431640625,82680000
689,48.37143921534221,19.37689116795858,-0.008854456535925693,486.9491271972656,489.7601318359375,238.50306701660156,715.8980102539062,82800000
690,48.34924736658732,16.554091936747234,-0.008048021075998502,484.55780029296875,487.8501281738281,163.9250030517578,802.0684814453125,82920000
691,48.350022322336834,17.157143767674764,-0.008484173630210989,482.6585693359375,478.24664306640625,272.0022277832031,694.9120483398438,83040000
692,48.35551142692566,17.149836744467418,-0.008206867097899414,483.6388854980469,487.4312744140625,226.43858337402344,775.150390625,83160000
693,48.36582707087199,16.550892581144968,-0.009381086657608648,462.5909423828125,465.0461120605469,225.7877960205078,762.21044921875,83280000
694,48.371668055852254,17.15064543803533,-0.00656856906677452,470.93798828125,463.8507385253906,240.89830017089844,726.6233520507812,83400000
695,48.374551645914714,16.079960202376046,-0.0063209542795380005,492.0420837402344,491.27899169921875,158.0732879638672,791.4232788085938,83520000
696,48.37969681104024,17.370234785874686,-0.006400710788240455,455.6676940917969,444.65234375,223.4881134033203,752.5609741210938,83640000
697,48.35255468050639,16.552078483104705,-0.009133568940013917,461.83709716796875,462.2541198730469,216.32066345214844,700.3643188476562,83760000
698,48.3379141998291,16.04310937166214,-0.007374304930837449,475.6584777832031,464.88751220703125,262.02203369140625,777.157958984375,83880000
699,48.35038363138835,17.285100652376812,-0.008263344875003895,496.33038330078125,476.9389953613281,306.5556640625,779.276611328125,84000000
700,48.337976401646934,17.036217331091564,-0.007182783164541131,467.6998291015625,457.8709411621094,256.7950134277344,795.8203125,84120000
701,48.31930478096008,18.330103003978728,-0.007822571881257545,477.6800537109375,472.99652099609375,215.71990966796875,747.3225708007812,84240000
702,48.32026007970174,17.716655460993447,-0.007456209288589548,479.7627258300781,467.564453125,257.01434326171875,776.9633178710938,84360000
703,48.33138161977132,15.669613207976024,-0.008235864453250391,476.3141174316406,468.00787353515625,296.8995056152344,795.6813354492188,84480000
704,48.347145522435504,17.83985475540161,-0.008185098055376632,476.7322692871094,467.274658203125,187.64259338378906,735.47998046875,84600000
705,48.350363146464026,16.053964924812316,-0.007352056604161892,455.941162109375,448.7397155761719,227.30751037597656,735.336181640625,84720000
706,48.35451008796692,17.230138220787047,-0.007343956058360466,468.60595703125,478.1564025878906,193.48377990722656,748.859375,84840000
707,48.354178037643436,16.313065785566966,-0.006423523310625873,469.1201477050781,481.3184509277344,255.62364196777344,735.3779296875,84960000
708,48.360010391871135,17.456810083389282,-0.009387469857437433,477.98193359375,462.15386962890625,241.10394287109375,767.5513916015625,85080000
709,48.357448225021365,18.752324260870616,-0.008002396365548824,491.9520263671875,488.4015808105469,269.1543273925781,718.5026245117188,85200000
710,48.34408155759176,16.678537164529164,-0.008812161444875528,475.3176574707031,481.79669189453125,234.73294067382812,791.0343017578125,85320000
711,48.33334462165833,16.602682851950327,-0.006701237077960893,476.8546447753906,475.5627136230469,233.15652465820312,713.9185180664062,85440000
712,48.3058694489797,16.79024166584015,-0.007116199348695697,465.9631042480469,464.40460205078125,215.9146270751953,746.3121948242188,85560000
713,48.299572191238404,15.458128384749095,-0.009710446051340114,470.33514404296875,471.1407165527344,213.41720581054688,744.0665283203125,85680000
714,48.332622117996216,16.24826936562856,-0.005952917408567373,482.2770080566406,483.4522705078125,231.6748046875,755.962646484375,85800000
715,48.35604184786479,17.623380506833396,-0.004877275042451857,496.96392822265625,504.0826110839844,204.5323944091797,758.6741943359375,85920000
716,48.35119151115418,17.286174953778584,-0.007940636225087777,478.7955322265625,479.1450500488281,230.78065490722656,742.6824951171875,86040000
717,48.356689592997235,17.07198879480362,-0.0066541278221605655,471.8572692871094,465.1401062011719,237.1614990234375,744.2166748046875,86160000
718,48.382278505961104,16.53265484015147,-0.009645757483958732,481.5644836425781,480.62725830078125,247.4560546875,765.6736450195312,86280000
719,48.403280124664306,16.964273262818654,-0.010171887029049078,484.87640380859375,475.42071533203125,291.013916015625,780.147216796875,86400000
720,48.432920637130735,18.90762208779653,-0.008521756689253077,491.2168884277344,481.9718017578125,184.70252990722656,778.1173095703125,86520000
721,48.44994982083639,16.133076425393423,-0.009887419451535304,470.80560302734375,473.8042297363281,213.69662475585938,757.8627319335938,86640000
722,48.46686923027038,15.930403257211049,-0.007179157569906541,486.46820068359375,490.47357177734375,278.0771179199219,723.9246826171875,86760000
723,48.50290123303731,16.683726370334625,-0.0066847496822720134,484.6940612792969,480.8559875488281,157.961669921875,700.3455810546875,86880000
724,48.523334433237714,16.219825987021128,-0.005748713347529701,487.93463134765625,476.7133483886719,238.31028747558594,776.7647094726562,87000000
725,48.51180316607157,18.670609900156656,-0.008136993271940203,482.24713134765625,477.64019775390625,236.52462768554688,827.8356323242188,87120000
726,48.48974712689718,18.55351986090342,-0.006491720632393481,475.56732177734375,476.8329162597656,227.7169952392578,685.8592529296875,87240000
727,48.4873229376475,16.45682919661204,-0.0075540029785770456,447.6064453125,451.0570068359375,163.77378845214844,665.6864624023438,87360000
728,48.47564561208089,16.643797039985657,-0.008583745353663895,479.69171142578125,471.40814208984375,265.5182189941406,727.2930908203125,87480000
729,48.47637048085531,15.152519265810648,-0.00868870696572761,472.6510925292969,480.9209899902344,229.88079833984375,809.7000122070312,87600000
730,48.47229475339254,16.871006095409392,-0.008413369504463237,476.2943115234375,491.2397155761719,186.2317657470703,690.9996948242188,87720000
731,48.44702727635701,16.742075393199922,-0.008468268357851229,466.2326354980469,481.8539733886719,185.69677734375,672.9156494140625,87840000
732,48.43862860361735,17.095890107949575,-0.008198435829526715,469.5227966308594,465.4173889160156,211.99391174316406,759.1687622070312,87960000
733,48.42323089917501,16.773942417303722,-0.006259345636978348,478.3851318359375,464.1936950683594,184.49746704101562,720.5504760742188,88080000
734,48.44610287984212,15.54628792365392,-0.009214278902756329,470.7616271972656,470.381103515625,215.42344665527344,684.17236328125,88200000
735,48.47632305781047,17.547748755613963,-0.005941484826341063,473.9678649902344,472.63800048828125,198.47525024414062,808.1585693359375,88320000
736,48.48575575828552,17.0460897954305,-0.007240259540417924,474.1907653808594,464.3757019042969,203.8220977783203,756.1475219726562,88440000
737,48.50933681488037,17.14761696497599,-0.007276837574943187,486.2144775390625,477.7690734863281,227.85406494140625,769.7720947265625,88560000
738,48.54366943359375,18.14603712081909,-0.01101192142368859,477.9772644042969,471.0231628417969,238.69717407226562,711.3060302734375,88680000
739,48.56858198165894,17.545133935610455,-0.006610662191396841,483.7340393066406,484.7550964355469,258.9283142089844,842.8519897460938,88800000
740,48.57479298909505,17.736465375423432,-0.009509365715032345,490.42205810546875,509.7812194824219,135.207763671875,727.2382202148438,88920000
741,48.55645312627156,18.21570283571879,-0.006759304800636225,483.47711181640625,482.9599609375,265.3291320800781,747.505126953125,89040000
742,48.547847735087075,17.872199902534486,-0.009543916109682868,477.0981140136719,469.37530517578125,255.83201599121094,867.1373291015625,89160000
743,48.57581798871358,16.636458240350088,-0.00838846644476689,451.2283020019531,461.0462951660156,189.75259399414062,655.24951171875,89280000
744,48.61015331904093,18.272026374340058,-0.006354703515926303,476.4209289550781,463.3468017578125,191.0074920654297,769.5199584960938,89400000
745,48.6258314037323,15.194387040138245,-0.010424517811491871,484.8176574707031,492.18701171875,208.78179931640625,734.2774658203125,89520000
746,48.64803903897603,16.400475868384042,-0.008139125560470953,485.76007080078125,488.9623718261719,234.75674438476562,726.4905395507812,89640000
747,48.66185369173686,18.45435174147288,-0.009238462677409794,485.3087463378906,493.2668151855469,241.60910034179688,750.9102172851562,89760000
748,48.65913068771362,18.04821891148885,-0.00733539055342438,482.1268310546875,477.354736328125,249.4435272216797,779.7916259765625,89880000
749,48.67609998703003,17.71246889034907,-0.008812589589406344,506.89776611328125,496.4546813964844,283.9211730957031,797.934326171875,90000000
750,48.69226807276408,16.638312213420868,-0.007126255032377836,480.4519348144531,478.7450866699219,211.26220703125,769.4782104492188,90120000
751,48.733899170557656,16.491332694689433,-0.008559145237119689,467.6242370605469,458.3197021484375,184.37875366210938,779.5888061523438,90240000
752,48.78643198013306,17.258080025513966,-0.0083392961245742,476.1268310546875,481.179443359375,243.75759887695312,721.9544067382812,90360000
753,48.802211929957075,18.224573119481406,-0.007877635962947806,490.01873779296875,487.56597900390625,193.5380401611328,746.8114624023438,90480000
754,48.80523813247681,17.204278869628908,-0.007826407661680908,485.24700927734375,466.3476257324219,265.6692199707031,779.6187133789062,90600000
755,48.81192822774251,17.417530453999838,-0.006862233703680734,487.2823181152344,477.1612548828125,267.531982421875,741.378662109375,90720000
756,48.79612338701884,17.555886142253875,-0.008311220760170575,471.0076904296875,467.2734069824219,213.94195556640625,674.535888671875,90840000
757,48.78751091003418,16.95125385761261,-0.008166068890034997,482.234130859375,483.3804931640625,258.4151611328125,715.6165771484375,90960000
758,48.77972464243571,17.372039659818014,-0.007141098321244499,496.2803039550781,492.43597412109375,227.70657348632812,727.689697265625,91080000
759,48.75174097061157,18.17318636894226,-0.00689094738403431,496.7594299316406,508.50079345703125,261.13641357421875,690.121826171875,91200000
760,48.76967123667399,15.927211924393971,-0.008926139125047711,475.3938293457031,480.255615234375,242.8926544189453,764.9979858398438,91320000
761,48.777022457122804,18.696908659934998,-0.008542932497630319,492.225341796875,483.212158203125,259.0401306152344,794.1024780273438,91440000
762,48.741472787857056,15.22395247777303,-0.008647040409962302,464.55499267578125,462.8315124511719,218.37718200683594,820.1626586914062,91560000
763,48.731978584925336,16.417027935187022,-0.009550171937157757,478.52008056640625,476.22711181640625,269.2154235839844,856.2020874023438,91680000
764,48.72329933484395,18.184302882353464,-0.007328663621038156,484.1241149902344,487.8276672363281,212.5443878173828,782.8809814453125,91800000
765,48.697249298095706,17.768052729765575,-0.008936798219561599,463.1456298828125,453.31024169921875,243.43284606933594,723.4434814453125,91920000
766,48.7052706305186,16.002006985346476,-0.008047052824640938,475.7771911621094,464.2392272949219,242.8516387939453,722.2246704101562,92040000
767,48.75739555676778,15.825608647664389,-0.0074262964397784495,489.29400634765625,474.19903564453125,201.1102752685547,828.9876098632812,92160000
768,48.806518926620484,15.878394700686137,-0.0086757924362549,477.3528747558594,477.3221130371094,170.62327575683594,815.0559692382812,92280000
769,48.833597071965535,16.326007701555888,-0.0076018797883443765,482.06378173828125,489.6400146484375,202.4944305419922,722.9016723632812,92400000
770,48.84939797083537,16.15472921291987,-0.008605357860191228,479.51904296875,481.02825927734375,190.01271057128906,715.2586669921875,92520000
771,48.860719207127886,16.736090768973032,-0.006176291653077139,487.3514099121094,490.7075500488281,217.60337829589844,718.5203247070312,92640000
772,48.85365470250448,18.16305592219035,-0.00846160284280207,482.3039855957031,483.3697509765625,225.29440307617188,691.5589599609375,92760000
773,48.84515462239583,15.881454567909241,-0.009249374156503716,473.15911865234375,476.1299743652344,241.74708557128906,755.4285888671875,92880000
774,48.864066445032755,16.23325095653534,-0.009348555055573039,485.4164733886719,481.3106384277344,235.2282257080078,747.2222290039062,93000000
775,48.85430661201477,17.661377336184184,-0.009195228631589695,483.87921142578125,493.2746887207031,234.0202178955078,751.0291137695312,93120000
776,48.834004713694256,17.741183981895446,-0.00926990999794422,481.6709289550781,478.47271728515625,205.29759216308594,728.8726196289062,93240000
777,48.85437387148539,15.600900606314342,-0.00740220301915239,479.00872802734375,469.1639709472656,191.6295928955078,759.0975341796875,93360000
778,48.88576463699341,15.912090018590291,-0.006985073723620492,463.76007080078125,451.8848876953125,143.79835510253906,761.4677124023438,93480000
779,48.89921498616536,17.016578365166982,-0.006564282685190695,472.6801452636719,475.0455322265625,259.9272766113281,825.190673828125,93600000
780,48.927994651794435,15.983751199245454,-0.008277560640969265,457.79010009765625,466.4552001953125,208.1005859375,697.8002319335938,93720000
781,48.972108907699585,16.09886600891749,-0.0073785005906491586,465.59515380859375,479.4187316894531,133.4093780517578,700.5015869140625,93840000
782,49.0165138276418,15.42146136601766,-0.009253924037708808,481.3271789550781,487.59869384765625,230.7535400390625,890.3038940429688,93960000
783,49.033366498947146,15.967100439866384,-0.008546606022362842,466.5965270996094,477.94659423828125,288.73419189453125,722.0172729492188,94080000
784,49.020982573827105,17.577828529675802,-0.0075532148711469444,476.05670166015625,476.3290710449219,235.99688720703125,740.6663818359375,94200000
785,49.002464882532756,16.815824194749197,-0.008381073652890337,480.7303161621094,471.4085388183594,190.1068878173828,707.5149536132812,94320000
786,49.00895839055379,17.069545270601907,-0.008441046782349228,458.14453125,463.90545654296875,226.08935546875,725.6693115234375,94440000
787,49.026621945699056,16.26596854686737,-0.0074567061508302385,464.7493591308594,463.4414367675781,201.5216827392578,716.8045654296875,94560000
788,49.01705789248149,15.964304909706115,-0.00989342696513025,439.6628723144531,444.5080261230469,231.70274353027344,670.4169311523438,94680000
789,49.03616191546122,16.10932324409485,-0.008271365003456594,477.3873291015625,473.8418884277344,246.06028747558594,768.3743286132812,94800000
790,49.052312237421674,16.62042045513789,-0.007472598940594253,458.3294372558594,448.0865173339844,202.29470825195312,710.175537109375,94920000
791,49.05262647310893,17.604171484311422,-0.005746334605304355,492.1187438964844,488.1740417480469,262.1515197753906,769.834716796875,95040000
792,49.06261809984843,17.680360147158304,-0.006072163292215767,481.6403503417969,495.3502502441406,244.28912353515625,726.4498291015625,95160000
793,49.09416072845459,16.80247315645218,-0.009017881314866827,490.2230224609375,497.03729248046875,239.2748565673828,710.0256958007812,95280000
794,49.10988240877787,18.31859332561493,-0.006913835973928144,483.7900695800781,477.33575439453125,294.79595947265625,767.6026000976562,95400000
795,49.06785190900167,17.109478737513225,-0.008157254740000704,469.6455993652344,471.85577392578125,215.2469940185547,725.30419921875,95520000
796,49.04069082260132,17.902248666286468,-0.006562610302232012,474.5530700683594,464.45587158203125,237.90771484375,769.0949096679688,95640000
797,49.05513126373291,17.334227631092073,-0.008280912386884817,462.3193664550781,460.2281799316406,124.2834701538086,801.2369384765625,95760000
798,49.07074867248535,18.040666717688243,-0.005827439530953029,457.67376708984375,450.9465026855469,222.90187072753906,700.6101684570312,95880000
799,49.08764442443848,17.34512980937958,-0.00724430138671778,476.26580810546875,484.30035400390625,247.0698699951172,738.2244262695312,96000000
800,49.08765979448954,18.343732481002807,-0.007615304657462426,463.2932434082031,461.1322021484375,148.87686157226562,731.4282836914062,96120000
801,49.08284327507019,14.874338788191478,-0.007366265291187423,462.01971435546875,446.6320495605469,197.44488525390625,737.4683837890625,96240000
802,49.08257001241048,16.98869976043701,-0.004766103502342958,464.9015197753906,483.7693786621094,209.53994750976562,673.5424194335938,96360000
803,49.07788959821065,15.286969536940257,-0.00564043532651624,446.0120849609375,437.1846618652344,174.9180450439453,823.6210327148438,96480000
804,49.087282005945845,16.333029940128327,-0.010050164399954155,462.83935546875,461.8788757324219,211.62770080566406,777.6831665039062,96600000
805,49.095706141789755,15.577929422855377,-0.007055559762444924,464.4838562011719,460.5821228027344,259.971435546875,782.5527954101562,96720000
806,49.08314751625061,19.292298023700713,-0.007986160307209502,472.4930419921875,486.14447021484375,239.7081756591797,670.5462036132812,96840000
807,49.0675651995341,15.811067354679107,-0.007112487465921428,463.96923828125,449.1862487792969,257.2000732421875,678.7791748046875,96960000
808,49.080065711339316,16.425577274958293,-0.009358437428069617,492.77825927734375,479.1366271972656,260.3031921386719,752.57080078125,97080000
809,49.10461164792379,16.528262531757356,-0.00941335275594156,482.08514404296875,491.6175231933594,195.72628784179688,813.5193481445312,97200000
810,49.090799798965456,17.460294519265492,-0.007958185357899007,469.22003173828125,476.6062316894531,235.8614501953125,669.8909301757812,97320000
811,49.08765362421671,15.372283724149069,-0.007644816191362528,487.6639099121094,486.2901611328125,237.38824462890625,742.4159545898438,97440000
812,49.11388435045878,16.676679170131685,-0.008709882458910367,480.68280029296875,481.3764343261719,241.14608764648438,716.3110961914062,97560000
813,49.14735035260519,16.300058690706887,-0.007763146582225697,470.4284973144531,475.45635986328125,228.6041717529297,712.1139526367188,97680000
814,49.165865341822304,18.543936281204225,-0.006518638236684637,475.93084716796875,474.83319091796875,239.02330017089844,700.923095703125,97800000
815,49.17452904701233,16.628721625010172,-0.007973236698333797,484.95263671875,486.21844482421875,282.3009338378906,753.1421508789062,97920000
816,49.19670305252075,16.21731757879257,-0.009297213136145406,486.5904235839844,488.6943359375,228.14224243164062,728.916259765625,98040000
817,49.22596419970194,14.71237962881724,-0.00757422431725928,448.80108642578125,458.80169677734375,191.15188598632812,663.2108764648438,98160000
818,49.230649932225546,17.01556910912196,-0.007759019406594234,459.16510009765625,459.50421142578125,239.44351196289062,723.6612548828125,98280000
819,49.20228841781616,17.413377913633983,-0.008350705738193938,459.9365539550781,462.8945617675781,256.88323974609375,688.6889038085938,98400000
820,49.176261262893675,17.37821669181188,-0.006653970652076471,466.19677734375,479.64697265625,224.69667053222656,721.6769409179688,98520000
821,49.18917526245117,15.41674331744512,-0.006890148889669945,464.611328125,468.6052551269531,218.9171600341797,826.2882690429688,98640000
822,49.23025555610657,17.198738102118174,-0.00931137020577277,485.9416198730469,479.9252624511719,227.6958770751953,749.3048706054688,98760000
823,49.23857512791952,16.275243763923644,-0.00746028104135803,472.04779052734375,465.09417724609375,256.51171875,744.693115234375,98880000
824,49.22500970204671,17.5430420088768,-0.007613832755784339,464.16351318359375,459.4765319824219,169.05459594726562,685.3218383789062,99000000
825,49.25957863171895,15.92974652369817,-0.0069315068680195204,471.5096130371094,468.4405822753906,206.87669372558594,761.5587158203125,99120000
826,49.29407473564148,16.771590984662375,-0.008390638386848271,443.1519470214844,432.11553955078125,262.0986022949219,705.8952026367188,99240000
827,49.30195936203003,16.84721790234248,-0.008177881874806493,466.0730285644531,465.7186584472656,180.83154296875,770.589111328125,99360000
828,49.3432630443573,16.278984661102296,-0.006884672550966873,474.60394287109375,481.7491455078125,254.94053649902344,670.4555053710938,99480000
829,49.406210120519,16.164675084749856,-0.008377202799456427,472.4637451171875,478.2017822265625,181.95492553710938,733.4421997070312,99600000
830,49.446344992319744,16.476587045987447,-0.008145068930083047,472.6180114746094,462.40216064453125,248.9942169189453,807.2008056640625,99720000
831,49.45131388982137,16.358234705130258,-0.009239942066401455,473.8419494628906,458.15789794921875,220.44418334960938,692.674072265625,99840000
832,49.45854560852051,16.541876968542734,-0.007043076312926739,466.0047607421875,459.8528137207031,239.6466827392578,708.2077026367188,99960000
