update,dist_entropy,value_loss,action_loss,mean_rew,median_rew,min_rew,max_rew,num_steps
0,45.51075337409973,0.4242528824756543,-0.06223327448041296,-35.98242950439453,-13.016362190246582,-228.2699737548828,30.78580093383789,120000
1,45.74683218638102,0.39027350446830195,-0.04941951584144893,-40.288902282714844,-18.16121482849121,-254.63082885742188,26.002981185913086,240000
2,45.993334945042925,0.4658224320660035,-0.04241828701560735,-29.859262466430664,-11.764633178710938,-238.46502685546875,30.32203483581543,360000
3,46.229888366063435,0.5510028533389171,-0.035918449409761403,-49.728660583496094,-19.094263076782227,-221.1627960205078,60.01560592651367,480000
4,46.446460526784264,0.6495143466939529,-0.02391783183017651,-32.82682418823242,-12.629133224487305,-259.14007568359375,45.01362609863281,600000
5,46.61743317604065,0.5884346650044123,-0.025770711172450927,-37.172245025634766,-14.421039581298828,-196.53736877441406,27.44683074951172,720000
6,46.774771998723345,0.6070613018671671,-0.020316724049227255,-37.16856002807617,-15.197539329528809,-229.60910034179688,38.89302062988281,840000
7,46.875478960673014,0.5982008802394072,-0.016293799197309607,-27.783226013183594,-15.431949615478516,-230.79147338867188,19.379901885986328,960000
8,46.953155794143676,0.5459051034102838,-0.015239850791373707,-25.685659408569336,-11.698092460632324,-248.68333435058594,19.388870239257812,1080000
9,47.04130308787028,0.6574759585410357,-0.016714748521088438,-32.92351531982422,-17.842239379882812,-244.88836669921875,19.26906394958496,1200000
10,47.12550232887268,0.5507089810321728,-0.01772342429180753,-25.27379608154297,-12.56662654876709,-220.9429168701172,22.017107009887695,1320000
11,47.19862166404724,0.5690489111840725,-0.01556273200844771,-31.875307083129883,-15.419000625610352,-222.74415588378906,17.828588485717773,1440000
12,47.268282934824626,0.5744886567940315,-0.01499106955544145,-29.038410186767578,-13.706071853637695,-234.96571350097656,34.77664566040039,1560000
13,47.32159099896749,0.5648989836623272,-0.014450128733386691,-22.984066009521484,-14.519628524780273,-193.07630920410156,19.570959091186523,1680000
14,47.393829326629636,0.4923872638742129,-0.01597307967655676,-23.266727447509766,-9.794258117675781,-218.739990234375,42.098243713378906,1800000
15,47.41365865389506,0.6670055993398031,-0.0140654555767901,-22.2220458984375,-10.854426383972168,-197.11209106445312,26.592689514160156,1920000
16,47.451147940953575,0.5249647475779057,-0.015820905072349283,-25.926870346069336,-12.828622817993164,-220.54031372070312,34.925052642822266,2040000
17,47.45480154673258,0.5247300680478414,-0.01691959503015217,-22.05907440185547,-12.078336715698242,-202.49526977539062,22.302064895629883,2160000
18,47.49597302118937,0.470160767386357,-0.015795684867468178,-32.18016052246094,-12.471885681152344,-200.85679626464844,26.143281936645508,2280000
19,47.542179148991906,0.49446538810928664,-0.0145987658780723,-34.05046844482422,-14.589165687561035,-239.48336791992188,24.865652084350586,2400000
20,47.570192661285404,0.4767460681994756,-0.016362875361269288,-34.30612564086914,-15.692625045776367,-224.71961975097656,21.964975357055664,2520000
21,47.587293767929076,0.49650806933641434,-0.015960174950323563,-27.663923263549805,-12.776954650878906,-201.10130310058594,56.54764175415039,2640000
22,47.59346988042196,0.503215871155262,-0.016290579431679362,-26.998130798339844,-14.513082504272461,-199.49105834960938,67.80567932128906,2760000
23,47.6082248433431,0.5226954064269861,-0.018696541941062607,-23.789823532104492,-10.414791107177734,-223.6552276611328,38.767696380615234,2880000
24,47.595773394902544,0.4523501365631819,-0.016768241930850913,-24.18189811706543,-9.947715759277344,-188.083984375,28.375553131103516,3000000
25,47.59866380055745,0.6521631537129482,-0.01493580132151692,-21.415130615234375,-8.503657341003418,-209.87059020996094,34.990901947021484,3120000
26,47.59055329322815,0.620040206561486,-0.015407436676578073,-31.481901168823242,-14.466068267822266,-246.5780792236328,44.99259948730469,3240000
27,47.57421294212341,0.4445939640700817,-0.016466296652447455,-24.05661392211914,-7.610579967498779,-195.77371215820312,17.296419143676758,3360000
28,47.57375880559285,0.599069928030173,-0.01517757919956542,-21.47869110107422,-9.22587776184082,-290.1235656738281,23.402996063232422,3480000
29,47.579844309488934,0.4797423581033945,-0.016178233455209086,-18.498737335205078,-9.523768424987793,-211.99356079101562,39.64346694946289,3600000
30,47.594116563796995,0.5003625149279833,-0.01317246112516538,-32.610191345214844,-12.469533920288086,-264.3649597167969,16.786598205566406,3720000
31,47.586254873275756,0.5204838337252538,-0.014999956411920722,-27.528249740600586,-10.437752723693848,-210.44717407226562,22.59845733642578,3840000
32,47.605747350056966,0.5252572068323692,-0.01645204374913419,-31.092548370361328,-15.957674980163574,-228.12948608398438,40.31705093383789,3960000
33,47.61986814498901,0.5817865222940842,-0.01492775965903178,-27.782026290893555,-9.808287620544434,-264.23321533203125,31.142087936401367,4080000
34,47.61758169809977,0.5526629686852296,-0.018127887582585534,-23.877222061157227,-11.581266403198242,-202.22779846191406,32.58940124511719,4200000
35,47.60770136197408,0.47518372426430383,-0.017915929129339928,-23.741811752319336,-8.865606307983398,-209.06124877929688,38.40236282348633,4320000
36,47.59553104718526,0.49536038349072137,-0.015386351454062606,-32.40507125854492,-13.572577476501465,-205.92059326171875,31.12624168395996,4440000
37,47.57288875579834,0.49991457382837934,-0.015857466668882506,-25.15397834777832,-8.317943572998047,-184.16549682617188,24.131208419799805,4560000
38,47.547322568893435,0.42788763239979744,-0.015977026014688818,-20.31572151184082,-10.043522834777832,-175.75827026367188,21.04836082458496,4680000
39,47.54404748598734,0.49160636454820633,-0.015220585737985555,-31.20724868774414,-10.882224082946777,-242.09873962402344,36.80636215209961,4800000
40,47.55424768447876,0.5383806846290827,-0.01589479145966834,-21.477210998535156,-11.433649063110352,-178.645263671875,37.71955871582031,4920000
41,47.56613165855408,0.43754823617637156,-0.015978910780346876,-24.899038314819336,-10.602718353271484,-228.52017211914062,29.12413787841797,5040000
42,47.558456064860025,0.5042631704360246,-0.015806377301238777,-23.17991065979004,-9.476375579833984,-233.95704650878906,22.431468963623047,5160000
43,47.5399201742808,0.44689208139975867,-0.01564612182027228,-21.417455673217773,-10.76413345336914,-239.65200805664062,48.2540283203125,5280000
44,47.5518183294932,0.5663736053059498,-0.016329601845356288,-19.144681930541992,-11.657671928405762,-226.3343963623047,50.44042205810547,5400000
45,47.594257040023805,0.5091849094132582,-0.017398069743108712,-22.045917510986328,-9.533333778381348,-273.7856140136719,23.98309326171875,5520000
46,47.618348042170204,0.4647769053777059,-0.016575674384747194,-21.133275985717773,-6.823944568634033,-211.54827880859375,40.05859375,5640000
47,47.634937079747516,0.4531457027544578,-0.018564102914973166,-16.74263572692871,-5.224930286407471,-214.3209686279297,37.80018997192383,5760000
48,47.63387923240661,0.4284879786024491,-0.017317688407107616,-17.473724365234375,-8.92990779876709,-220.7654571533203,42.23133850097656,5880000
49,47.64794033050537,0.429868927821517,-0.017150427334496877,-25.940961837768555,-5.584435939788818,-195.82275390625,41.01511764526367,6000000
50,47.68308826446533,0.6306978166103363,-0.013988775028212027,-29.69951057434082,-13.428275108337402,-277.7558898925781,41.56349182128906,6120000
51,47.701068798700966,0.4285104041794936,-0.01624455755658346,-22.658416748046875,-7.596685886383057,-223.50628662109375,18.282615661621094,6240000
52,47.69989035288493,0.4977116544296344,-0.014807136838095024,-28.612295150756836,-7.298026084899902,-209.6495819091797,33.19651412963867,6360000
53,47.644628286361694,0.45136417016386987,-0.01705848088832378,-22.69577407836914,-8.908773422241211,-211.9517822265625,28.49739646911621,6480000
54,47.60362324714661,0.42326847366988657,-0.018175361667563266,-22.316959381103516,-10.332328796386719,-200.98834228515625,40.30326461791992,6600000
55,47.598636649449666,0.5478236063321431,-0.016250428905386798,-31.1818904876709,-10.510332107543945,-225.30288696289062,35.97535705566406,6720000
56,47.598460833231606,0.41453288244704406,-0.021148660128628764,-14.222979545593262,-10.06344985961914,-157.39723205566406,36.50517272949219,6840000
57,47.6068078104655,0.6224964570005734,-0.014635499262475947,-24.6039981842041,-8.57546329498291,-247.32473754882812,35.229278564453125,6960000
58,47.61998233477274,0.4265314484387636,-0.0194876740030107,-22.56829071044922,-8.791690826416016,-251.70892333984375,34.5953254699707,7080000
59,47.638036521275836,0.5666571053365866,-0.014886816011824825,-29.070417404174805,-13.324323654174805,-225.55172729492188,41.865394592285156,7200000
60,47.651313848495484,0.5156260743737221,-0.016606291878918378,-26.473112106323242,-10.169989585876465,-198.1852569580078,37.32240295410156,7320000
61,47.64390433947245,0.41869418213764825,-0.018801300741154894,-16.209972381591797,-7.06614875793457,-208.05654907226562,40.36692810058594,7440000
62,47.65146323521932,0.457277652323246,-0.015462866518558561,-28.112089157104492,-11.6798095703125,-245.54737854003906,24.94165802001953,7560000
63,47.65622016588847,0.47743643529713153,-0.018167128415019156,-21.258480072021484,-10.412841796875,-231.4117889404297,39.17774200439453,7680000
64,47.63756438891093,0.5248852098236482,-0.01647826085051747,-32.85930252075195,-13.368456840515137,-229.6688232421875,23.955747604370117,7800000
65,47.647855084737145,0.42632070009907086,-0.01849095587269403,-21.224323272705078,-4.848535060882568,-223.94741821289062,29.69339942932129,7920000
66,47.649595988591514,0.5389264384657144,-0.016943510671649165,-25.13145637512207,-10.478315353393555,-255.43479919433594,38.98118591308594,8040000
67,47.67181531906128,0.4512051250288884,-0.018997092260403102,-20.721038818359375,-8.505224227905273,-228.35098266601562,38.788883209228516,8160000
68,47.70713732083639,0.4358897855381171,-0.01753432293702114,-26.298656463623047,-4.379753589630127,-222.1678466796875,36.78459548950195,8280000
69,47.71694180806478,0.41921715835730233,-0.016590388781546606,-27.606868743896484,-10.77314567565918,-230.84124755859375,20.631492614746094,8400000
70,47.720786317189535,0.4210415207097928,-0.01933581308563589,-21.38188934326172,-9.886404037475586,-232.52044677734375,24.814790725708008,8520000
71,47.71148105621338,0.4182923641304175,-0.017158710850496087,-17.88072395324707,-9.169464111328125,-224.83245849609375,37.631568908691406,8640000
72,47.71042503356934,0.4433647863815228,-0.016348002786104796,-25.36757469177246,-9.724771499633789,-199.81288146972656,31.77573585510254,8760000
73,47.71705169359843,0.44439384606977306,-0.016151100899221546,-25.712560653686523,-6.14448881149292,-208.8760986328125,50.063289642333984,8880000
74,47.7462106513977,0.5063616032650073,-0.016770601271705345,-29.092182159423828,-12.466034889221191,-207.4842987060547,39.04538345336914,9000000
75,47.80015878677368,0.44707559784253437,-0.017857267610579583,-20.49054718017578,-3.881206512451172,-199.3016815185547,39.21495819091797,9120000
76,47.81965165774027,0.41185222600897153,-0.018107978599623018,-17.91275978088379,-7.06392240524292,-195.91928100585938,50.900264739990234,9240000
77,47.83552968343099,0.4826925578713417,-0.017191459243643598,-22.199249267578125,-7.835968971252441,-207.23008728027344,47.59870147705078,9360000
78,47.884042495091755,0.5499664894243081,-0.014102101630175336,-36.99385070800781,-11.00211238861084,-243.87974548339844,35.45992660522461,9480000
79,47.89758980115255,0.5162288675953944,-0.01628310877513248,-26.485822677612305,-11.140302658081055,-202.08212280273438,37.61086654663086,9600000
80,47.88793897628784,0.56583633000652,-0.015289581688620425,-22.381839752197266,-8.897663116455078,-287.79840087890625,37.014122009277344,9720000
81,47.89209337234497,0.4298895553747813,-0.018142768160017416,-18.47119140625,-5.071797847747803,-220.56845092773438,33.94757080078125,9840000
82,47.859210646947226,0.45333959644039473,-0.018769568965796377,-20.58232307434082,-6.31012487411499,-225.69358825683594,47.7944450378418,9960000
83,47.80419536590576,0.38998942988614244,-0.020162316805310637,-10.64986801147461,-3.174182653427124,-190.10952758789062,56.786277770996094,10080000
84,47.78506087621053,0.4393124921868245,-0.015379170724121044,-28.68479347229004,-9.972498893737793,-233.12843322753906,39.39228439331055,10200000
85,47.78970451354981,0.42945548015336193,-0.018972426859340884,-16.38680076599121,-5.360446929931641,-180.39022827148438,37.04873275756836,10320000
86,47.80300324122111,0.5871633041153351,-0.014837063843039384,-22.772539138793945,-10.373702049255371,-214.26007080078125,30.242109298706055,10440000
87,47.82548378626505,0.42158421749869984,-0.01815325214921207,-28.870750427246094,-10.08997631072998,-213.291015625,36.98357009887695,10560000
88,47.829947074254356,0.5081758882353703,-0.01803880430321442,-15.056849479675293,-4.523684501647949,-221.60720825195312,57.21382522583008,10680000
89,47.81472348848979,0.4629535008966923,-0.017596421259046716,-21.869657516479492,-9.82005786895752,-204.25796508789062,31.238574981689453,10800000
90,47.82001410166423,0.470340205108126,-0.01690509847555404,-16.50446891784668,-6.973702907562256,-225.14266967773438,53.565677642822266,10920000
91,47.83301688194275,0.4533774231870969,-0.01707620916207816,-23.255462646484375,-8.227521896362305,-198.1712188720703,48.62177658081055,11040000
92,47.833587090174355,0.4401537894457579,-0.01727859286990982,-24.069658279418945,-5.929246425628662,-204.84295654296875,48.45603561401367,11160000
93,47.87292535463969,0.43391506917774675,-0.017558041341493056,-20.76717758178711,-6.47853946685791,-219.8770751953125,45.895469665527344,11280000
94,47.8951393032074,0.46439461973806223,-0.01696003839789834,-16.155908584594727,-5.865139007568359,-188.65481567382812,70.88514709472656,11400000
95,47.87925581296285,0.3913631124794483,-0.017952524074419975,-19.686840057373047,-8.248748779296875,-199.57858276367188,25.753341674804688,11520000
96,47.86811789194743,0.3903530139476061,-0.017651784972173724,-19.490657806396484,-5.5390238761901855,-194.5317840576172,27.41643524169922,11640000
97,47.87343056042989,0.44014774069190027,-0.016582084361343733,-25.415470123291016,-8.177574157714844,-207.57891845703125,50.451778411865234,11760000
98,47.884015795389814,0.48451073952019214,-0.01561721442018135,-27.163700103759766,-6.367694854736328,-220.48123168945312,48.261802673339844,11880000
99,47.89734923998515,0.4468345655997594,-0.016626247699847833,-18.81136131286621,-8.674358367919922,-224.90325927734375,43.86912536621094,12000000
100,47.88754476547241,0.44978856161236763,-0.016713516078549824,-21.88945198059082,-9.430391311645508,-211.97825622558594,43.03706741333008,12120000
101,47.865249503453576,0.5438979383806387,-0.015400567632338304,-17.730695724487305,-6.784097194671631,-290.7533874511719,42.51902770996094,12240000
102,47.86562973022461,0.4624848473072052,-0.01790219861940083,-30.08574867248535,-9.16862678527832,-215.46412658691406,44.18320846557617,12360000
103,47.88754935582479,0.6533989866822958,-0.013380144839525201,-35.48866271972656,-8.018355369567871,-228.37930297851562,49.18777084350586,12480000
104,47.907772665023806,0.594746277431647,-0.01720827485835874,-16.205183029174805,-3.7838621139526367,-249.6938018798828,37.50154113769531,12600000
105,47.90802838961283,0.46888032818833986,-0.016982084718620172,-25.60649871826172,-9.820168495178223,-206.6585693359375,54.279632568359375,12720000
106,47.905949122111004,0.4345640930781762,-0.019643849634633927,-11.225669860839844,-4.987249851226807,-194.08123779296875,40.421913146972656,12840000
107,47.90261543273926,0.4370778725544612,-0.01680398951587449,-18.103607177734375,-7.08627986907959,-166.42694091796875,37.22597122192383,12960000
108,47.90723121007284,0.44610496416687967,-0.017214263221418755,-19.541961669921875,-8.16943645477295,-233.18218994140625,45.51508331298828,13080000
109,47.907897831598916,0.5053314200043678,-0.01630812046817482,-24.02777862548828,-6.652764320373535,-256.89288330078125,52.15168762207031,13200000
110,47.88996514320374,0.401404217282931,-0.020032156928809098,-19.66732406616211,-9.394980430603027,-193.76177978515625,31.810890197753906,13320000
111,47.88888299306234,0.421019504442811,-0.019560603900705853,-9.498342514038086,-2.045320749282837,-225.11952209472656,32.79330062866211,13440000
112,47.88483183860779,0.5848107592264811,-0.015217456514058085,-18.21187400817871,-6.338057518005371,-276.7701416015625,34.54004669189453,13560000
113,47.87076813379924,0.5317870512108008,-0.014589273773934413,-21.4724063873291,-7.818437576293945,-183.41021728515625,55.84557342529297,13680000
114,47.8482456334432,0.42924765018125377,-0.01882794150130318,-19.922870635986328,-7.962389945983887,-186.07257080078125,49.937923431396484,13800000
115,47.82925142923991,0.566846260925134,-0.016411359758882707,-13.71794605255127,-3.8118362426757812,-255.3839874267578,37.214420318603516,13920000
116,47.814669405619306,0.4210655582199494,-0.0175658029461556,-16.875207901000977,-2.7407805919647217,-195.9500274658203,50.01351547241211,14040000
117,47.812883319854734,0.4429710344721874,-0.014731308155560327,-22.005775451660156,-3.704482316970825,-298.6092834472656,33.970359802246094,14160000
118,47.81751713752747,0.4040291226655245,-0.019067489057560276,-17.36786651611328,-5.2388224601745605,-181.5634002685547,37.81918716430664,14280000
119,47.80336905797323,0.478453078319629,-0.01691463912371366,-16.9168643951416,-3.6458306312561035,-222.2751922607422,56.23501205444336,14400000
120,47.78944213867187,0.5792060584574937,-0.013742438485805527,-24.055265426635742,-6.6242899894714355,-256.0525207519531,30.26639175415039,14520000
121,47.76718180656433,0.47999153586725396,-0.018540119533323983,-10.200262069702148,-5.4321770668029785,-143.4375762939453,46.482749938964844,14640000
122,47.741541369756064,0.6936399303625027,-0.015178647131086413,-19.58428382873535,-9.31472110748291,-226.7220458984375,43.40576171875,14760000
123,47.74812495231628,0.40975184726218383,-0.01902395972619047,-15.86992073059082,-2.953186511993408,-193.60890197753906,36.947757720947266,14880000
124,47.75696400006612,0.49391443515817324,-0.01747056327330332,-14.880842208862305,-7.116588592529297,-249.76895141601562,39.3660888671875,15000000
125,47.74762354214986,0.5107114282747109,-0.017645358969337697,-17.472951889038086,-4.991689682006836,-178.10171508789062,58.94137954711914,15120000
126,47.72722381591797,0.507117712845405,-0.01628504063481046,-15.486722946166992,-2.031975507736206,-205.68238830566406,34.74357604980469,15240000
127,47.69838790257772,0.4905581180751324,-0.015977217361881534,-12.869067192077637,-2.7230024337768555,-180.954345703125,57.683807373046875,15360000
128,47.69550509770711,0.4316248574356238,-0.01904689765610101,-11.892537117004395,-5.397981643676758,-167.23460388183594,46.54418182373047,15480000
129,47.693418486913046,0.4938547619432211,-0.016581684119136828,-14.364628791809082,-5.968357563018799,-187.64962768554688,37.05253219604492,15600000
130,47.69859111467997,0.43366376755138236,-0.016222216426882218,-19.418771743774414,-6.31111478805542,-220.383056640625,33.85923385620117,15720000
131,47.71320471445719,0.4067566020041704,-0.020277170436923675,-20.012609481811523,-9.242732048034668,-235.80148315429688,38.64427947998047,15840000
132,47.75149135271708,0.44980676333109537,-0.017305155527965514,-16.448060989379883,-4.746030807495117,-226.07342529296875,20.791973114013672,15960000
133,47.76301256815592,0.5116988910734653,-0.017725445139794828,-16.011293411254883,-5.3731369972229,-202.15194702148438,41.33747100830078,16080000
134,47.78543265342712,0.42150149879356225,-0.019093515615938184,-17.9710693359375,-4.768494606018066,-236.92987060546875,76.95217895507812,16200000
135,47.80686462084452,0.48694872463742894,-0.018277617632559973,-6.289637088775635,1.7022175788879395,-188.57803344726562,44.547603607177734,16320000
136,47.81250443140666,0.401710468629996,-0.018040790700379148,-9.671557426452637,1.8698450326919556,-181.60350036621094,37.34709548950195,16440000
137,47.80938175201416,0.4921815282851458,-0.02089581189989076,-5.96077299118042,0.7464916706085205,-159.8381805419922,40.55447006225586,16560000
138,47.784778394699096,0.40267463666697345,-0.017549983466681927,-14.874361991882324,-5.332047462463379,-204.71267700195312,61.04846954345703,16680000
139,47.76465942064921,0.39845191632707916,-0.018439284837357565,-6.353995323181152,-2.8801064491271973,-129.2310028076172,41.11067199707031,16800000
140,47.76905090332031,0.41185398211081825,-0.01752352002099845,-10.937274932861328,-2.2952616214752197,-178.9264678955078,49.5404167175293,16920000
141,47.77548935572306,0.38069870121777055,-0.019165340197693392,-10.19253921508789,-3.424293041229248,-184.10365295410156,41.435489654541016,17040000
142,47.76278540293376,0.3953700773169597,-0.01827225267918038,-10.88793659210205,-4.336273670196533,-197.94407653808594,54.85487365722656,17160000
143,47.75212286313375,0.3831536322583755,-0.020133052032961132,-14.182701110839844,-3.787825584411621,-213.39305114746094,25.76314926147461,17280000
144,47.732828566233316,0.4265001235405604,-0.01822536692379496,-10.650465965270996,-7.075180530548096,-189.84629821777344,30.133983612060547,17400000
145,47.713463373184204,0.396514309172829,-0.019049375415024203,-8.026830673217773,-0.06826754659414291,-160.28831481933594,56.20000457763672,17520000
146,47.682727359135946,0.3915490942200025,-0.019508696426117543,-11.7388916015625,-5.896481037139893,-154.83444213867188,32.760128021240234,17640000
147,47.65647952079773,0.38978870083888373,-0.01804335150787665,-13.167887687683105,-6.513238906860352,-179.27659606933594,39.0836181640625,17760000
148,47.66937484105428,0.4238180181880792,-0.017924636087060814,-20.10348892211914,-8.532501220703125,-193.01979064941406,41.109867095947266,17880000
149,47.70690154393514,0.4038464268793662,-0.016662522162951065,-19.1343994140625,-6.751228332519531,-198.87936401367188,35.19316101074219,18000000
150,47.73715019543965,0.3960492626329263,-0.017600330472528944,-10.500601768493652,-1.4625009298324585,-194.20745849609375,46.79635238647461,18120000
151,47.75598646481832,0.4020953061183294,-0.020517368893758128,-14.043912887573242,-7.852948188781738,-203.528564453125,55.969058990478516,18240000
152,47.77061498959859,0.4119370445609093,-0.01746380296962741,-15.163936614990234,-5.473724365234375,-185.49000549316406,64.17103576660156,18360000
153,47.77910988171895,0.4163975175966819,-0.019606577791607075,-8.136271476745605,-3.2000036239624023,-192.66305541992188,37.68827819824219,18480000
154,47.77997603416443,0.4384191924830278,-0.017926428186510936,-15.858664512634277,-5.89106559753418,-276.9251708984375,41.905513763427734,18600000
155,47.78568730990092,0.45804839524130025,-0.01782417389204056,-17.92696189880371,-3.6421303749084473,-193.13174438476562,54.8450927734375,18720000
156,47.79480683326721,0.4051995875438054,-0.019115177597410972,-20.21739387512207,-7.812804698944092,-195.10345458984375,77.42231750488281,18840000
157,47.79350724856059,0.4317425903181235,-0.02107409687239245,-10.639301300048828,-3.4539642333984375,-155.39395141601562,52.58625030517578,18960000
158,47.78368013064067,0.39720146427551906,-0.017606038734117344,-16.618267059326172,-6.341784954071045,-200.6268310546875,49.24140548706055,19080000
159,47.801981706619266,0.41006577961146834,-0.017830246265596848,-16.33273696899414,-4.813811779022217,-193.5399169921875,47.42724609375,19200000
160,47.829521675109866,0.4020025320351124,-0.01807749170004172,-10.100516319274902,-3.684934616088867,-189.17271423339844,53.9901008605957,19320000
161,47.81413875261943,0.5422231463591257,-0.01647243669842908,-15.34173583984375,-7.208330154418945,-218.68392944335938,51.53868865966797,19440000
162,47.79311829884847,0.382882948393623,-0.020040776382926805,-13.420427322387695,-7.183958530426025,-195.51271057128906,35.9468994140625,19560000
163,47.79072125434875,0.4096984554827213,-0.02027849957199275,-12.058171272277832,-5.6388349533081055,-222.9504852294922,55.41118621826172,19680000
164,47.80635690053304,0.42478530238072076,-0.01886862333733613,-12.696026802062988,-5.315132141113281,-162.581298828125,41.83599090576172,19800000
165,47.82340292930603,0.47765320176879567,-0.016543553032303558,-10.84368896484375,0.11577735096216202,-184.36920166015625,40.10650634765625,19920000
166,47.830435864130656,0.4247241919487715,-0.018283699157782395,-11.01661491394043,-8.773566246032715,-171.55718994140625,41.24586486816406,20040000
167,47.842024342219034,0.42078154558936753,-0.019757815456140027,-8.615110397338867,-3.7010135650634766,-177.70143127441406,48.62095260620117,20160000
168,47.847496849695844,0.5252967538187902,-0.018588354704626227,-8.601431846618652,-3.101762294769287,-195.33482360839844,56.10356140136719,20280000
169,47.829318265914914,0.40296902500092985,-0.02087100660617883,-7.809820175170898,-4.493158340454102,-143.4834442138672,51.90391159057617,20400000
170,47.80347298940023,0.41189140948156516,-0.01852958373874723,-8.952546119689941,-3.5461580753326416,-130.7396697998047,41.22531509399414,20520000
171,47.79066979726156,0.35466323904693126,-0.01922455152113495,-7.262814998626709,-1.47869873046875,-156.6434783935547,48.337196350097656,20640000
172,47.79432007153829,0.44878991015255454,-0.01597494216520469,-6.912123680114746,-2.178859233856201,-196.6227264404297,53.02887725830078,20760000
173,47.803813212712605,0.4219063411653042,-0.018661180616365226,-10.653407096862793,-5.564374923706055,-146.64910888671875,41.42387390136719,20880000
174,47.80602758725484,0.5629620090126991,-0.016518191182194643,-10.788774490356445,-4.060346603393555,-213.76910400390625,45.63132858276367,21000000
175,47.78588085492452,0.37250366747379304,-0.02240269961401585,-1.5394134521484375,1.3792498111724854,-158.56895446777344,40.48028564453125,21120000
176,47.750289316177366,0.4188484275341034,-0.01987314485302098,-3.9586284160614014,-3.8194351196289062,-54.682456970214844,56.091697692871094,21240000
177,47.73386633872986,0.46867322094738484,-0.0175455795653185,-10.827524185180664,-6.418457508087158,-172.0254669189453,40.695716857910156,21360000
178,47.741714579264325,0.34509343800445397,-0.01999253584145966,-5.244965553283691,-1.019390344619751,-183.49142456054688,32.582218170166016,21480000
179,47.758942696253456,0.375603844349583,-0.018791560990011932,-11.272968292236328,-5.362311840057373,-180.84463500976562,62.30400466918945,21600000
180,47.78446264584859,0.3598590045173963,-0.02186341488820896,-4.556767463684082,-1.2696771621704102,-162.48486328125,47.69478225708008,21720000
181,47.78695057551066,0.45604902828733124,-0.01644135415600431,-6.639499187469482,-0.435381144285202,-187.50108337402344,62.84129333496094,21840000
182,47.811015148162845,0.34963703612486524,-0.01947285556985662,-5.488408088684082,-1.7380295991897583,-100.70428466796875,42.271427154541016,21960000
183,47.813297011057536,0.4199828135470549,-0.019172490749345645,-6.078817844390869,-2.9888336658477783,-210.07177734375,62.18098831176758,22080000
184,47.81624326705933,0.40241736409564816,-0.016120101329403648,-8.46234130859375,-4.68417501449585,-206.51101684570312,35.22118377685547,22200000
185,47.82791961987813,0.35099762327969075,-0.020510647094499176,-3.2262163162231445,0.9668899774551392,-153.49314880371094,38.33755111694336,22320000
186,47.83227728525797,0.33396859844525656,-0.020153461650843384,-8.77541732788086,-1.6627753973007202,-169.32847595214844,47.72780227661133,22440000
187,47.81637110074361,0.4046519257376591,-0.018645506935772573,-4.81260871887207,0.6313265562057495,-139.5458526611328,54.853511810302734,22560000
188,47.78465449333191,0.40492631862560907,-0.018091217122870377,-3.436379909515381,-1.5917006731033325,-145.62100219726562,39.592796325683594,22680000
189,47.759929761886596,0.3780743973950545,-0.01978308263787464,-4.09947395324707,-1.0265222787857056,-113.93949127197266,41.5028190612793,22800000
190,47.748373193740846,0.3391963788121939,-0.02009643809539966,-5.780818939208984,-0.8711429834365845,-137.16075134277344,44.33990478515625,22920000
191,47.74294605255127,0.40195190283159415,-0.019428368944851778,-3.966254234313965,-1.5476789474487305,-150.61973571777344,48.770599365234375,23040000
192,47.721331926981605,0.33024582845469314,-0.02159956728896456,-2.15464448928833,0.42607513070106506,-90.93513488769531,35.75092697143555,23160000
193,47.71479969978333,0.3636049496009946,-0.01919095384141959,-3.1846745014190674,0.9320515990257263,-114.38704681396484,40.42109298706055,23280000
194,47.723493560155234,0.33309477555255096,-0.021131772181797716,-0.1444207727909088,0.5846487879753113,-73.75907135009766,48.50959777832031,23400000
195,47.72481792449951,0.40618071066836514,-0.018785275975322594,-4.39850378036499,-0.019852198660373688,-157.129638671875,60.905174255371094,23520000
196,47.73434950510661,0.40297342841823897,-0.019465966118653644,-4.8223466873168945,-1.9294918775558472,-133.6453399658203,48.89543533325195,23640000
197,47.730923871994015,0.49213942868014177,-0.016928883985037828,-4.933241367340088,-1.531970739364624,-260.8887023925781,57.7515983581543,23760000
198,47.712343324025476,0.38072694453100364,-0.0202307121721545,-5.367728233337402,-5.4780449867248535,-134.2580108642578,64.34613037109375,23880000
199,47.71687047322591,0.4210949096331994,-0.020110034241690757,-1.8936525583267212,3.6921393871307373,-198.40318298339844,57.184635162353516,24000000
200,47.73962686856588,0.44748693784077964,-0.017265899631747742,-4.268103122711182,1.9202783107757568,-188.80075073242188,50.877235412597656,24120000
201,47.73991248766581,0.3669455838451783,-0.019922661854537484,-7.007500648498535,-1.6844820976257324,-134.32061767578125,39.016143798828125,24240000
202,47.74318125406901,0.3891300649444262,-0.01839537658555628,-9.23709487915039,1.2199304103851318,-201.92904663085938,44.897621154785156,24360000
203,47.74686619758606,0.3505613669504722,-0.018991829336706966,-4.377539157867432,-0.6833192706108093,-160.8009796142578,46.3651237487793,24480000
204,47.74345582008362,0.3409750749791662,-0.01911883367522023,-0.5799574255943298,3.830458879470825,-205.43405151367188,45.93722152709961,24600000
205,47.76429580688477,0.38977691935996217,-0.020752567918301944,-7.798341274261475,-1.3532310724258423,-194.17251586914062,49.9522705078125,24720000
206,47.75347915649414,0.33998876648644605,-0.02174427134766423,-0.7213882207870483,-2.81864333152771,-55.09745788574219,45.92247772216797,24840000
207,47.71049141248067,0.36856289019187294,-0.020477296238059352,-0.3439019024372101,0.0034016920253634453,-82.44558715820312,67.81085205078125,24960000
208,47.71264352162679,0.3535125102847815,-0.017059285465150727,-7.665201187133789,-1.2861170768737793,-209.29237365722656,54.384822845458984,25080000
209,47.74114356676738,0.4162254449228446,-0.01810327157623154,-9.103492736816406,-4.295598983764648,-152.55809020996094,39.13054275512695,25200000
210,47.732683979670206,0.35321791934470337,-0.022181598640666683,-3.627251148223877,-3.9954919815063477,-147.32994079589844,52.57313537597656,25320000
211,47.719997844696046,0.40811943424244723,-0.020145466221089616,-1.356067419052124,2.405399799346924,-171.0399627685547,99.5506591796875,25440000
212,47.73862396558126,0.3307191543156902,-0.020796374371722475,-0.9560192823410034,1.4552720785140991,-91.5717544555664,51.60826873779297,25560000
213,47.72315468788147,0.34081691371897854,-0.020599189764940698,-4.37746000289917,-2.983675956726074,-148.053466796875,54.55512619018555,25680000
214,47.68905119895935,0.3668698284775019,-0.02114570805497048,-1.472274899482727,-0.3198951780796051,-112.75389099121094,44.853416442871094,25800000
215,47.679237559636434,0.3658554457873106,-0.018517511664784554,-5.971872806549072,-0.9502133727073669,-163.5426788330078,45.60663986206055,25920000
216,47.67984435081482,0.36634273330370587,-0.019039190734611112,-0.7945148944854736,0.761003315448761,-59.797706604003906,58.38134002685547,26040000
217,47.65997316042582,0.35467700970669586,-0.020805229595642533,-5.136127948760986,2.223627805709839,-176.6119842529297,41.83321762084961,26160000
218,47.65536847432455,0.39297695179780323,-0.01890497973796073,-2.111734628677368,1.419604778289795,-157.2329864501953,64.22679901123047,26280000
219,47.66331874847412,0.4106688034534454,-0.01815993888539803,-6.11155366897583,0.9521206617355347,-169.90304565429688,60.31422424316406,26400000
220,47.641143271128335,0.34185447425891957,-0.021154393173201242,-6.502618312835693,-3.4492695331573486,-197.580078125,38.76521301269531,26520000
221,47.61541754722595,0.35812779610355694,-0.019833492279734247,-4.038234233856201,1.3162816762924194,-169.51707458496094,47.86125946044922,26640000
222,47.61680092811584,0.3623770064363877,-0.021210093021391003,-2.3639698028564453,0.8576581478118896,-140.84422302246094,52.157684326171875,26760000
223,47.62566694895426,0.4278858767946561,-0.016746794740351376,-5.247182369232178,1.1325867176055908,-288.19342041015625,50.464439392089844,26880000
224,47.61351052602132,0.42475894279778004,-0.018163557139535744,-2.0175299644470215,5.664064884185791,-179.8671417236328,38.18806838989258,27000000
225,47.62162164052327,0.4258356798936923,-0.019337845736177996,-7.627399921417236,0.058971963822841644,-196.09486389160156,56.68788146972656,27120000
226,47.64792264620463,0.36511050375799337,-0.01961446473146907,-2.574625253677368,-0.13204927742481232,-163.33236694335938,48.920135498046875,27240000
227,47.65000233014425,0.3646934330711762,-0.0201539399793531,2.711524486541748,6.107456684112549,-162.08352661132812,62.16421890258789,27360000
228,47.6380556901296,0.3701432159543037,-0.019324184285522582,-3.509376049041748,-1.269999623298645,-167.1837615966797,64.04120635986328,27480000
229,47.62852160771688,0.4190186389784018,-0.016885302875740915,-2.3492696285247803,-0.8842150568962097,-223.11788940429688,58.09172821044922,27600000
230,47.628574730555215,0.3722238527238369,-0.019718966175902703,-1.84686279296875,0.013995759189128876,-144.26353454589844,55.88119125366211,27720000
231,47.618018544514975,0.3748544709881147,-0.019111552011161922,2.4492709636688232,7.983570575714111,-172.9229278564453,47.795928955078125,27840000
232,47.62926114082337,0.3568092650175095,-0.01933987480339662,-6.243671894073486,1.9740816354751587,-235.2244873046875,48.382328033447266,27960000
233,47.62972666104635,0.41092785336077214,-0.017362518422402596,-4.5010480880737305,-0.8282990455627441,-151.3812713623047,56.11167907714844,28080000
234,47.60234611193339,0.36548480330655975,-0.020298314335007794,-3.2876827716827393,-2.0938947200775146,-88.60511016845703,40.93681716918945,28200000
235,47.60519629478455,0.3267026729509234,-0.021980585024696967,0.2607206702232361,2.1911275386810303,-67.82786560058594,36.21847152709961,28320000
236,47.63665276845296,0.33827110229680935,-0.018246836852552708,-5.024292469024658,-0.20080268383026123,-183.22654724121094,49.36626052856445,28440000
237,47.64890744845072,0.30031274375816186,-0.02148619679875992,-0.03096134029328823,0.8580663204193115,-126.93336486816406,43.08531951904297,28560000
238,47.63072115898132,0.3328521137436231,-0.017990386872703917,-1.5759005546569824,1.3651996850967407,-199.338134765625,81.1963882446289,28680000
239,47.631951068242394,0.3737539539237817,-0.019120263700760916,-8.25654125213623,-0.8668283224105835,-170.625244140625,50.452701568603516,28800000
240,47.65708527882894,0.34065587489555277,-0.02061577373247322,-2.337806463241577,-1.3135641813278198,-198.36532592773438,43.428070068359375,28920000
241,47.67795966148376,0.3419996826350689,-0.019521810665281313,-2.017273426055908,1.9069626331329346,-192.78445434570312,59.66923141479492,29040000
242,47.706868975957235,0.3276681509241462,-0.021215768946519043,-0.6412493586540222,-0.6579946875572205,-178.03623962402344,68.57429504394531,29160000
243,47.71615423520406,0.2912632772202293,-0.02075206054565721,-3.3365557193756104,1.8206539154052734,-154.42303466796875,49.227943420410156,29280000
244,47.70411994298299,0.3363713234538833,-0.02024634153711607,-2.4937334060668945,-0.9052185416221619,-55.906063079833984,44.69449234008789,29400000
245,47.706318311691284,0.36914071480433147,-0.01794658149683376,-8.239598274230957,1.6999707221984863,-206.20187377929688,32.65974044799805,29520000
246,47.71404846509298,0.39703375960389775,-0.018705303056788882,-2.396583080291748,-0.27127328515052795,-156.3938751220703,47.64678192138672,29640000
247,47.705555817286175,0.37206611938774586,-0.018880560585045413,-4.5020036697387695,1.170870304107666,-183.27781677246094,47.74348449707031,29760000
248,47.69982472101847,0.3172472736736139,-0.021243464184656963,1.4252471923828125,5.477485656738281,-165.5905303955078,49.21620178222656,29880000
249,47.70623485247294,0.3581411490837733,-0.019126566334075504,-4.326871395111084,2.878312587738037,-184.93516540527344,52.8939094543457,30000000
250,47.73253824234009,0.3382235361263156,-0.02073446485527711,-2.62874436378479,0.2906116843223572,-179.61798095703125,50.531822204589844,30120000
251,47.74214159647624,0.3782895460849007,-0.01926295154280941,-1.4051837921142578,2.279496669769287,-190.456298828125,32.31706619262695,30240000
252,47.733555736541746,0.37932964918514095,-0.017686277091403704,-8.640127182006836,-1.744057059288025,-177.9022674560547,46.10287857055664,30360000
253,47.72464350064595,0.36436699238916237,-0.02115243677823552,-2.7022552490234375,1.7801809310913086,-191.47442626953125,53.004432678222656,30480000
254,47.71333353360494,0.37593127846717833,-0.018318266481680136,-0.16767142713069916,3.3202149868011475,-186.5498809814453,55.270660400390625,30600000
255,47.71137830734253,0.3654380475729704,-0.019287612908597918,-6.305747032165527,1.7695112228393555,-191.16802978515625,54.757083892822266,30720000
256,47.715667956670124,0.40271644649406274,-0.016493318302746047,-4.454111576080322,0.4308178722858429,-215.38430786132812,53.538909912109375,30840000
257,47.70846604983012,0.32671356938779356,-0.0198996932808717,-4.944369792938232,-1.3717775344848633,-151.5515899658203,35.81247329711914,30960000
258,47.698419825236,0.3400485093767444,-0.02024378411950541,-3.0087640285491943,-0.04011610895395279,-156.246826171875,56.60390090942383,31080000
259,47.69134987195333,0.34130667763451733,-0.019194086313221607,-0.509448230266571,1.340537190437317,-123.4659423828125,49.977203369140625,31200000
260,47.71024832725525,0.3511798945814371,-0.01974754773049805,-6.029657363891602,-2.747842788696289,-107.99546813964844,38.629390716552734,31320000
261,47.71237114270528,0.3259635588650902,-0.020456052681047367,-0.7135564088821411,1.350740909576416,-163.00875854492188,50.557762145996094,31440000
262,47.687460037867226,0.3295733323569099,-0.020671653063315414,-2.8800272941589355,-1.185259461402893,-135.7225341796875,83.3518295288086,31560000
263,47.658489071528116,0.3125387472907702,-0.022428475594570046,-2.277247428894043,-2.1580445766448975,-109.6037826538086,35.145809173583984,31680000
264,47.64408228556315,0.393319807946682,-0.016277817095316702,-1.4998873472213745,1.4057146310806274,-234.36573791503906,60.637840270996094,31800000
265,47.66198596000672,0.3273048095032573,-0.020984425609621365,-7.897533893585205,-1.1575112342834473,-164.43896484375,80.78166198730469,31920000
266,47.674735412597656,0.4050523763895035,-0.016930786426757247,-9.516607284545898,-1.7504420280456543,-210.50437927246094,51.882904052734375,32040000
267,47.6782315603892,0.3520621457695961,-0.021441148595531558,-2.355930805206299,2.801781177520752,-194.49496459960938,35.72065734863281,32160000
268,47.66029433250427,0.3362465341265003,-0.02098656433026311,-2.856930732727051,-0.7965832352638245,-176.73936462402344,44.029075622558594,32280000
269,47.65643915176392,0.4089682143181562,-0.015652862456065578,-11.18527603149414,-2.426417350769043,-276.6361083984375,55.851104736328125,32400000
270,47.65973653793335,0.3718076181411743,-0.01955707100946841,-5.142477989196777,1.2792171239852905,-192.4002227783203,38.47114944458008,32520000
271,47.66990774790446,0.32990250921497744,-0.02055000442895107,-2.912562847137451,-0.8617008924484253,-172.8408203125,61.74873352050781,32640000
272,47.68776070594787,0.3280578359713157,-0.021036821330599195,-3.302295207977295,-1.8225399255752563,-97.01683044433594,56.287811279296875,32760000
273,47.69714566230774,0.3856494232763847,-0.01738444835559373,-10.583722114562988,3.26755952835083,-212.70745849609375,51.05183029174805,32880000
274,47.70971895217895,0.37459504360953966,-0.017676410441845293,-13.830427169799805,-3.600536823272705,-183.0714111328125,62.181278228759766,33000000
275,47.723583949406944,0.401213324641188,-0.01765737626748281,-4.7052435874938965,-0.00920090451836586,-188.6787567138672,43.18011474609375,33120000
276,47.742426268259685,0.36529151124258835,-0.019318629353230487,-13.01241397857666,-2.952451467514038,-176.58572387695312,43.848785400390625,33240000
277,47.7679888566335,0.4402492947379748,-0.017823420110062972,-6.358147621154785,-3.3859944343566895,-200.33155822753906,38.17823028564453,33360000
278,47.78712357203165,0.5384582250565291,-0.017659334177581816,-7.568461894989014,-0.663815438747406,-233.71051025390625,48.16596603393555,33480000
279,47.82609484354655,0.43635801610847313,-0.01690883134100659,-10.546525955200195,-2.914233684539795,-207.2006378173828,57.18327713012695,33600000
280,47.882830489476525,0.40220085976024467,-0.018554521541442076,-11.552980422973633,-0.7485976815223694,-189.47589111328125,67.37895965576172,33720000
281,47.92822760264079,0.4437770059456428,-0.016730176249147917,-11.363194465637207,-0.3409324586391449,-233.8424835205078,45.70478057861328,33840000
282,47.94494370778402,0.3944997259726127,-0.01963580384707105,-8.97641372680664,-0.039001211524009705,-223.3330535888672,56.6802978515625,33960000
283,47.93724643389384,0.40131007057925067,-0.020634986329490252,-7.966166973114014,-0.7421900033950806,-160.94015502929688,30.688756942749023,34080000
284,47.93184191385905,0.39062791094183924,-0.018938453146389898,-11.454083442687988,-4.319871425628662,-175.113037109375,58.082237243652344,34200000
285,47.94058942159017,0.4264368845274051,-0.01864356409897785,-12.980655670166016,-4.39285945892334,-195.41152954101562,56.55031204223633,34320000
286,47.95147256533305,0.3907103023926417,-0.018741604203757256,-7.957953453063965,-0.5517178177833557,-261.5050048828125,56.71892166137695,34440000
287,47.9562406984965,0.3980453603963057,-0.02017202965613971,-0.801665186882019,0.21935772895812988,-121.99720001220703,62.15463638305664,34560000
288,47.9681696955363,0.3793570710470279,-0.020295151900433364,-5.327438831329346,-0.3959531784057617,-148.91819763183594,39.53236389160156,34680000
289,47.97970201810201,0.37242627968390785,-0.019684103479119888,-4.213268280029297,1.051978588104248,-183.34727478027344,55.49980926513672,34800000
290,47.99388303756714,0.37939373704294366,-0.018711015075140645,-7.123103618621826,-1.7300620079040527,-168.9751434326172,43.25150680541992,34920000
291,48.00409087816874,0.3740110019594431,-0.02245200888088372,-1.6075150966644287,4.369266986846924,-148.4783935546875,56.25923156738281,35040000
292,47.99213801701864,0.4397016406804323,-0.01689047732126407,-7.744289875030518,-0.1489477902650833,-192.4430389404297,45.07073211669922,35160000
293,47.998141330083214,0.38913933356602987,-0.018697804509423956,-6.720258712768555,-0.04298262298107147,-196.5659942626953,55.49232482910156,35280000
294,47.998516467412315,0.3937351875503858,-0.020204578796777544,-1.5115454196929932,1.1432548761367798,-109.8067398071289,41.95521926879883,35400000
295,47.982497158050535,0.48267415560781957,-0.016948487832881557,-6.905431747436523,0.2598891854286194,-172.62042236328125,58.18796920776367,35520000
296,47.97458913803101,0.42174470275640485,-0.01870142119846302,-8.903332710266113,-1.9357633590698242,-223.94882202148438,67.55632781982422,35640000
297,47.97937560717265,0.3891846567392349,-0.020352869310154346,-3.90480637550354,-1.720903992652893,-202.88421630859375,83.60897064208984,35760000
298,47.97154485066732,0.4185456392665704,-0.018048626718332343,-8.493291854858398,-2.548645257949829,-169.99368286132812,48.84015655517578,35880000
299,47.96399053573609,0.3985821298509836,-0.01991722898825477,-6.545228958129883,-0.4800068140029907,-170.83328247070312,53.728633880615234,36000000
300,47.96478138605754,0.38898343667387963,-0.019571839315288646,-0.7131817936897278,2.045431613922119,-161.3865509033203,59.29280090332031,36120000
301,47.97049895922343,0.390649146164457,-0.01994153840402305,-4.030313014984131,-0.6614620089530945,-186.5729522705078,49.06961441040039,36240000
302,47.97019897143046,0.37692732058465483,-0.021198311311316616,-5.483609676361084,1.4410361051559448,-196.3885040283203,51.20586013793945,36360000
303,47.966906776428225,0.3866948554416498,-0.01873767446806596,-4.172479152679443,-0.1901291012763977,-154.5978240966797,43.68043518066406,36480000
304,47.960878165562946,0.5169979431231817,-0.01605528338621298,-9.920644760131836,-2.817383050918579,-238.00379943847656,40.72701644897461,36600000
305,47.945597613652545,0.34805812294284505,-0.022213448141511282,-0.7533747553825378,-1.135894775390625,-72.17755126953125,48.976009368896484,36720000
306,47.9493510055542,0.4063507484147946,-0.020244566433351374,-4.15463924407959,0.547249972820282,-210.2458038330078,50.77250289916992,36840000
307,47.971791880925494,0.3605533275877436,-0.017660921493707064,-9.670948028564453,-3.85170316696167,-178.92176818847656,40.35479736328125,36960000
308,47.984676615397134,0.4302056083579858,-0.018201949050360326,-0.4103568196296692,2.8634908199310303,-168.4076385498047,57.49685287475586,37080000
309,47.980463161468506,0.44508457312981287,-0.017274248770048264,-5.694952964782715,-1.3695071935653687,-166.7195281982422,42.736087799072266,37200000
310,47.98104583422343,0.42202387024958926,-0.019797733377528555,2.046050786972046,2.891383171081543,-133.74020385742188,59.03986358642578,37320000
311,47.98358966827393,0.4555001839250326,-0.018040388208658744,-2.632441282272339,0.24121364951133728,-209.5753173828125,54.20197677612305,37440000
312,47.9823500696818,0.43148420050740244,-0.01828518898059959,-8.794815063476562,-2.627150535583496,-174.31568908691406,37.164737701416016,37560000
313,47.99402422587077,0.4099490291625261,-0.01708451476568977,-4.52030086517334,0.7446974515914917,-187.4594268798828,53.016319274902344,37680000
314,47.996572669347124,0.5238967900971572,-0.017681186648075407,-2.6041553020477295,2.410398006439209,-195.18788146972656,64.55380249023438,37800000
315,47.987614113489784,0.3239789495244622,-0.023034568907587528,0.15072326362133026,-0.4612117409706116,-60.69333267211914,43.66284942626953,37920000
316,47.99544246991476,0.36991702613731225,-0.020042110528756894,-4.836123466491699,0.2280307412147522,-133.28660583496094,59.52155303955078,38040000
317,48.02039804140727,0.42578708338240784,-0.018938999494962066,-4.163272380828857,-1.9240360260009766,-185.3279266357422,55.652774810791016,38160000
318,48.0363674958547,0.4318150645494461,-0.01867277916430794,-4.505789279937744,3.044698476791382,-222.4897918701172,50.196327209472656,38280000
319,48.03491245905558,0.39293383225798606,-0.019567179914738518,-4.151946544647217,0.8993738889694214,-218.58840942382812,33.509193420410156,38400000
320,48.03940881093343,0.3590466354538997,-0.022306664051147892,-0.5480045080184937,1.58933424949646,-156.8064727783203,50.8753547668457,38520000
321,48.04183740933736,0.4633401786039273,-0.017430876287295782,-9.967367172241211,-2.629138231277466,-191.87786865234375,42.04643630981445,38640000
322,48.04204637845357,0.4185042797525724,-0.01807932408751185,-4.691957473754883,2.428450345993042,-153.5435028076172,56.02617645263672,38760000
323,48.05972526550293,0.40842647885282835,-0.020051662003999507,-4.1507673263549805,0.8361243605613708,-174.5934600830078,46.03520584106445,38880000
324,48.077844823201495,0.4076418366034826,-0.01829668458127344,-3.7198522090911865,2.5840554237365723,-179.81649780273438,43.7750129699707,39000000
325,48.103837683995565,0.3318114797770977,-0.019817519614493902,-4.720106601715088,0.9388870596885681,-145.49021911621094,41.987674713134766,39120000
326,48.105590976079306,0.3543337071314454,-0.018393264567336396,-9.107526779174805,-4.022885799407959,-231.99676513671875,51.1083984375,39240000
327,48.10328614870707,0.39903893356521924,-0.017597335722299854,-5.550178527832031,1.1885015964508057,-191.002197265625,38.76589584350586,39360000
328,48.105644874572754,0.3603995226571957,-0.018313418884863496,-7.906072616577148,-6.52592134475708,-186.2844696044922,48.709285736083984,39480000
329,48.09781315167745,0.3373258561392625,-0.019247083217499798,-8.332903861999512,-2.2340586185455322,-190.9905242919922,23.983915328979492,39600000
330,48.08668466567993,0.36289979169766107,-0.017738342588612187,-4.957770824432373,-3.8666040897369385,-145.28854370117188,43.218936920166016,39720000
331,48.08587754567464,0.289492827343444,-0.022526469861036277,-1.3179845809936523,0.8235226273536682,-96.50611114501953,41.390098571777344,39840000
332,48.08337841669719,0.40532876732448736,-0.017004460422244846,-6.510973930358887,1.1080254316329956,-244.73031616210938,48.14469528198242,39960000
333,48.109915301005046,0.48544529909888906,-0.016262102644950573,-11.4782075881958,1.1724153757095337,-284.5700988769531,46.275089263916016,40080000
334,48.15083517392476,0.44224094949662685,-0.017462260410854167,-3.93904709815979,-0.2224803864955902,-228.49644470214844,48.24858474731445,40200000
335,48.17396091779073,0.3893955725431442,-0.019245512892830448,-3.670650005340576,0.8797649145126343,-170.70175170898438,62.31795120239258,40320000
336,48.18312018712361,0.3769561755905549,-0.02008250441806922,-3.635664701461792,0.7462267279624939,-153.9691619873047,53.64706802368164,40440000
337,48.19405544598897,0.4534280799329281,-0.015753512424316794,-6.78286075592041,-2.340728521347046,-212.7933349609375,72.78020477294922,40560000
338,48.19545587539673,0.3877728948493799,-0.018775944193500132,-4.576070785522461,-2.6492435932159424,-186.06809997558594,42.06153869628906,40680000
339,48.19331036567688,0.4009656764815251,-0.017794931346282586,-7.508011341094971,-1.4978615045547485,-252.8570098876953,41.45471954345703,40800000
340,48.199847129186,0.35953507040937743,-0.02232966255561223,-3.6774227619171143,-0.49456918239593506,-182.4556427001953,50.37773895263672,40920000
341,48.202918151219684,0.41941814608871936,-0.01768577008346104,-6.605944633483887,-3.982956886291504,-166.14205932617188,52.94017028808594,41040000
342,48.211534649531046,0.3657846711575985,-0.017841048133010795,-4.84086275100708,-3.293318271636963,-101.06893157958984,37.00151443481445,41160000
343,48.21800231933594,0.41615378571053346,-0.01857110236296118,-1.8976625204086304,0.67972731590271,-158.9356689453125,50.925071716308594,41280000
344,48.22834052403768,0.3807957930614551,-0.01852937996504276,-7.842695236206055,-3.096548318862915,-161.59878540039062,54.1054801940918,41400000
345,48.231696929931644,0.5398263754695654,-0.01527237792410233,-6.8492937088012695,-3.2678062915802,-189.37045288085938,55.708953857421875,41520000
346,48.23915273984273,0.3545376206561923,-0.021011663965546178,-1.2500536441802979,2.198901414871216,-137.56338500976562,52.245262145996094,41640000
347,48.23423725446065,0.37042380704234046,-0.019456318155444022,-3.3719372749328613,-4.234631061553955,-79.83157348632812,53.926185607910156,41760000
348,48.25107610702515,0.3708657815059026,-0.020374859402731243,1.6040503978729248,3.127479314804077,-97.20539093017578,59.701778411865234,41880000
349,48.263763685226444,0.3556058386961619,-0.01863939381692944,-5.633139133453369,-3.331536293029785,-144.59817504882812,47.45315170288086,42000000
350,48.28320676485698,0.32541522189974786,-0.020913139579652126,-0.17070865631103516,0.7146912813186646,-71.018310546875,53.495479583740234,42120000
351,48.30057344436646,0.4490283680707216,-0.016195252970580897,-2.336301565170288,1.3976788520812988,-137.8159942626953,65.4760513305664,42240000
352,48.31662499109904,0.37527590525647003,-0.0197999607526458,-4.16393518447876,-3.755406141281128,-133.65118408203125,40.14844512939453,42360000
353,48.32573382695516,0.3130476763099432,-0.020455024569121936,1.0063672065734863,0.8123226165771484,-45.42674255371094,63.362796783447266,42480000
354,48.331599683761596,0.3440651983891924,-0.01907253287392147,2.2295947074890137,0.820158064365387,-63.36057662963867,62.30948257446289,42600000
355,48.3444858455658,0.41891655027866365,-0.01796136596463384,-4.824248790740967,-2.4497506618499756,-191.32713317871094,47.683982849121094,42720000
356,48.36989842732748,0.4106837714711825,-0.018359582772623072,-3.320690870285034,0.32172468304634094,-217.5169219970703,55.968894958496094,42840000
357,48.39090690930684,0.36909916892647743,-0.019333829282067446,-2.1867125034332275,-0.44251659512519836,-138.71365356445312,46.76381301879883,42960000
358,48.395718301137286,0.3783403621365627,-0.019012921515512364,-3.0279598236083984,0.2522921860218048,-173.94100952148438,56.27785873413086,43080000
359,48.39535613377889,0.37749316121141113,-0.018523728842155834,-0.9264714121818542,1.1669968366622925,-141.0711669921875,62.214561462402344,43200000
360,48.3987623945872,0.35977434349556764,-0.021268113974037987,1.0674750804901123,2.045231580734253,-69.31497955322266,50.27762222290039,43320000
361,48.4087718073527,0.43292579422394434,-0.017405155387426322,-4.535790920257568,-2.5612130165100098,-113.29940795898438,65.72692108154297,43440000
362,48.428927183151245,0.391236387565732,-0.01874323690414864,-3.030930757522583,-1.3926606178283691,-163.20960998535156,55.13487243652344,43560000
363,48.444817063013716,0.4187335359305143,-0.01741322252761165,-7.142195701599121,-1.4359782934188843,-199.55587768554688,70.92243194580078,43680000
364,48.44894999186198,0.3997813996920983,-0.019725980662010065,-3.686821222305298,-2.262420892715454,-139.56784057617188,52.12858581542969,43800000
365,48.44577567736308,0.36846735555678606,-0.020025360265796432,0.37531909346580505,-1.7002655267715454,-141.00962829589844,61.37004852294922,43920000
366,48.45144220670064,0.46617626192669076,-0.017177635343875106,2.0038037300109863,1.255072832107544,-203.6713104248047,52.450225830078125,44040000
367,48.46954047203064,0.3884443296367923,-0.020276950127626682,1.765440821647644,2.8428680896759033,-141.82125854492188,57.794124603271484,44160000
368,48.47090221087138,0.42419071557621163,-0.01911590445780651,-6.039923191070557,-1.2446757555007935,-187.9149169921875,52.981163024902344,44280000
369,48.47145914077759,0.35299733522037663,-0.020296127837737002,2.52372145652771,3.902583599090576,-72.42623901367188,50.86729431152344,44400000
370,48.489153747558596,0.3216961817940076,-0.018916152337827345,1.8709570169448853,2.1366522312164307,-55.33735656738281,59.98948287963867,44520000
371,48.49918298403422,0.38589529154201346,-0.01776096691735802,-2.4897990226745605,-1.2152180671691895,-155.95079040527344,51.46811294555664,44640000
372,48.51263641357422,0.3479835467785597,-0.021605543476240805,-2.0084471702575684,-1.3778995275497437,-58.391754150390625,42.69202423095703,44760000
373,48.52447502454122,0.4351646957546473,-0.017640800415497326,-1.7811498641967773,-1.5413575172424316,-94.16985321044922,63.809478759765625,44880000
374,48.53404590288798,0.41551339415212474,-0.01987431448625254,-5.956753253936768,-4.005434036254883,-214.2341766357422,58.16911315917969,45000000
375,48.54638507843018,0.41443036471803985,-0.01755330172453796,-3.911620616912842,2.1679792404174805,-203.85313415527344,56.204681396484375,45120000
376,48.55730371157328,0.5195374871045351,-0.01816878738981662,-6.878446578979492,-0.6162562966346741,-230.25074768066406,54.4244499206543,45240000
377,48.568924255371094,0.4125950159877539,-0.019301605061991724,-3.4648656845092773,-0.04614242911338806,-172.99244689941406,54.77133560180664,45360000
378,48.57587427775065,0.391491099173824,-0.02005841983960939,-6.087864398956299,-3.5557401180267334,-184.29489135742188,45.35883712768555,45480000
379,48.599371671676636,0.3107577859486143,-0.021690731033580355,2.9463884830474854,3.593888521194458,-45.41311264038086,47.29341125488281,45600000
380,48.60531206448873,0.3485267123083274,-0.019208456774173707,0.5890811085700989,2.871997833251953,-57.20610809326172,50.24253845214844,45720000
381,48.60424955050151,0.3357539981603622,-0.019115462711332232,-0.5758855938911438,2.976738691329956,-178.35659790039062,51.25425338745117,45840000
382,48.62683920224508,0.3397684201349815,-0.018991136490755404,-5.204710006713867,-1.0026905536651611,-185.1417236328125,53.23631286621094,45960000
383,48.64274398485819,0.40990585210422675,-0.01820908942389129,-4.851836681365967,-0.6924907565116882,-127.47866821289062,50.431854248046875,46080000
384,48.645872859954835,0.3950872788578272,-0.01929040762248102,-1.7319509983062744,-2.4824366569519043,-146.66529846191406,57.82576370239258,46200000
385,48.67258970896403,0.42581798918545244,-0.01943770232765625,-0.09422973543405533,4.371123313903809,-262.14544677734375,52.54429244995117,46320000
386,48.698295787175496,0.42018148394922417,-0.018803600895665417,-6.771358966827393,-2.027513265609741,-246.38865661621094,48.67402648925781,46440000
387,48.697197949091596,0.39097695127129556,-0.020982546862498643,-1.1873242855072021,1.1863501071929932,-139.00364685058594,54.940711975097656,46560000
388,48.69069633483887,0.4546769374608994,-0.01649059419863382,-10.110795974731445,-6.207083702087402,-268.8371887207031,34.038875579833984,46680000
389,48.7049348449707,0.38302300152679286,-0.01940879423395624,-2.0443344116210938,1.7528191804885864,-155.25814819335938,43.997703552246094,46800000
390,48.72197113355001,0.34466661291817824,-0.020604369700592238,-3.1886403560638428,-4.323623180389404,-131.38381958007812,56.94358825683594,46920000
391,48.747092498143516,0.3989584448685249,-0.01948976375132209,-2.14797043800354,-3.3061201572418213,-84.39881134033203,48.43269729614258,47040000
392,48.75854358037313,0.3621702137341102,-0.020265639280516248,-6.925561428070068,-2.718920946121216,-142.17564392089844,40.42536544799805,47160000
393,48.77194041252136,0.35819117943445844,-0.020829325365893964,-0.30528518557548523,0.2638523578643799,-92.88172912597656,49.726924896240234,47280000
394,48.795106172561646,0.3641057945291201,-0.01898704773702017,0.26578399538993835,2.3568837642669678,-80.58223724365234,62.4854621887207,47400000
395,48.81354936599732,0.37357913004855314,-0.01808095658500387,-4.553882122039795,-5.425966739654541,-60.50328826904297,37.55914306640625,47520000
396,48.842239758173626,0.30572883105526366,-0.019582170512161004,0.28946828842163086,-0.2085517942905426,-83.19587707519531,41.023868560791016,47640000
397,48.866335236231485,0.340994703831772,-0.019063333256068897,0.34524568915367126,1.5743895769119263,-99.83804321289062,73.16616821289062,47760000
398,48.88392398516337,0.3576315238078435,-0.01743635693766464,-6.22960090637207,-3.6158013343811035,-135.312744140625,57.75714874267578,47880000
399,48.90431705474853,0.3800055807580551,-0.018554694350813937,-9.648357391357422,-6.650347709655762,-200.69485473632812,52.64592742919922,48000000
400,48.92115640640259,0.3224943817406893,-0.019079253046702434,-1.6668936014175415,0.5490255355834961,-70.59574127197266,43.69749069213867,48120000
401,48.93043988545735,0.3489366473754247,-0.01919365965929046,-0.9021561145782471,-2.3741660118103027,-133.16712951660156,59.387229919433594,48240000
402,48.96672986984253,0.33711019463837144,-0.02100561818411203,-1.8689237833023071,1.3545081615447998,-161.7583465576172,60.711483001708984,48360000
403,49.00750363349915,0.3611208313455184,-0.01798360734515427,-10.827946662902832,-4.780394554138184,-168.617919921875,42.37007141113281,48480000
404,49.04229221979777,0.4141865682353576,-0.016949927914468692,-4.662679672241211,-0.6546505689620972,-140.09115600585938,62.6666374206543,48600000
405,49.09826269785563,0.3864049181093772,-0.019835500973294985,-1.7562885284423828,-3.5422444343566895,-62.884613037109375,66.51924896240234,48720000
406,49.13539437611898,0.35611361131072045,-0.017886689741053487,-3.374552011489868,-2.8537521362304688,-145.9564666748047,65.74624633789062,48840000
407,49.17417140007019,0.3662274630119403,-0.02016270707085217,-2.1666409969329834,0.03324127942323685,-113.47562408447266,54.91188430786133,48960000
408,49.2161585521698,0.3190097510069609,-0.019773832845952105,-3.3164761066436768,-4.089732646942139,-96.77062225341797,45.562931060791016,49080000
409,49.241009346644084,0.344962429801623,-0.01717639345713678,-5.9521942138671875,-2.9485037326812744,-102.54625701904297,45.69581604003906,49200000
410,49.27454484303792,0.4143530507137378,-0.016117861938879895,-6.383217811584473,-4.30687952041626,-254.20359802246094,51.896026611328125,49320000
411,49.31789319674174,0.3866105902194977,-0.01927931377731511,-4.6980743408203125,-0.720451295375824,-81.64104461669922,54.706520080566406,49440000
412,49.35660211881002,0.38521536943813167,-0.019277523799270665,-3.205972194671631,-1.616011381149292,-201.83944702148438,58.99925994873047,49560000
413,49.395407848358154,0.3483325563619534,-0.020051945353188785,-3.660273313522339,-1.2819530963897705,-131.51492309570312,51.20571517944336,49680000
414,49.41110540707906,0.4096761899689833,-0.01690908410647353,-8.446574211120605,-3.9502055644989014,-207.65899658203125,39.4586067199707,49800000
415,49.426484991709394,0.33563080930461486,-0.02059603626489358,-1.7327444553375244,-0.39625489711761475,-85.57698059082031,60.190120697021484,49920000
416,49.443939482371015,0.3876579896112283,-0.01660685072076717,-7.295772552490234,-5.997765064239502,-178.1851806640625,37.41746139526367,50040000
417,49.464884185791014,0.32140376762797435,-0.020438293367648536,-2.4242851734161377,0.5580130219459534,-152.05076599121094,51.84225845336914,50160000
418,49.491326564153034,0.40527499275902906,-0.017104066035662318,-6.508425712585449,-0.37041470408439636,-247.2703857421875,47.63718032836914,50280000
419,49.5206642405192,0.3954596068461736,-0.019599561950771355,-5.665844440460205,-4.9461517333984375,-140.853515625,45.786624908447266,50400000
420,49.52097745895386,0.37012277655303477,-0.02056334106364375,-4.303786754608154,-3.9321179389953613,-62.671348571777344,61.42799377441406,50520000
421,49.53895281155904,0.33364150864382586,-0.020281390842258135,-3.2217376232147217,-2.67323899269104,-76.70748901367188,63.87220001220703,50640000
422,49.57087970415751,0.32544070248802504,-0.02072105637417129,-2.8160290718078613,-2.1238152980804443,-88.43462371826172,54.197479248046875,50760000
423,49.58897977511088,0.300943667391936,-0.019278571622301875,-1.5242071151733398,-0.5557525157928467,-59.62369918823242,53.32853698730469,50880000
424,49.613905827204384,0.36263519338021677,-0.01801787074838406,-3.339268922805786,0.14389637112617493,-146.17539978027344,45.8191032409668,51000000
425,49.65660755475362,0.3183217463021477,-0.020233562470439212,-4.575649261474609,-2.755784511566162,-165.06031799316406,76.05650329589844,51120000
426,49.68465695063273,0.3683514279623826,-0.02031218438982099,-4.787619590759277,-5.205872535705566,-82.41565704345703,92.96392059326172,51240000
427,49.6878918838501,0.43611395463347435,-0.017271089595951708,-6.363073825836182,-1.8680373430252075,-180.71051025390625,40.17450714111328,51360000
428,49.691605717341105,0.34565372701734304,-0.02053198995429284,-3.9074888229370117,-1.4218987226486206,-95.22320556640625,43.81232452392578,51480000
429,49.723631140391035,0.4143407296886047,-0.017348655696666052,-5.089288234710693,0.37890031933784485,-216.36831665039062,48.966949462890625,51600000
430,49.78528483390808,0.3054836485038201,-0.02044266328085541,-4.97733211517334,-4.5008015632629395,-101.19583892822266,54.133819580078125,51720000
431,49.82052803357442,0.42977801399926346,-0.01654191346963368,-7.998722553253174,-3.435941457748413,-244.7721710205078,48.8559684753418,51840000
432,49.85004343986511,0.39748651556670667,-0.019056329722210042,-1.649161696434021,0.6113637089729309,-156.2363739013672,51.90745544433594,51960000
433,49.86292713801066,0.38348599210381507,-0.017982222742072434,-6.849621295928955,-3.1282734870910645,-177.56622314453125,38.495079040527344,52080000
434,49.881465419133505,0.43383876542250316,-0.01717654522567197,-6.236268043518066,-0.8395427465438843,-277.8397216796875,51.648597717285156,52200000
435,49.90040458679199,0.3937459093828996,-0.019950924928515783,-5.962931156158447,-2.3636202812194824,-79.67801666259766,49.52875518798828,52320000
436,49.91495804468791,0.3726387189204494,-0.019142376912150212,-4.979700088500977,-2.0165748596191406,-112.32477569580078,45.999454498291016,52440000
437,49.953388153711956,0.3746740842362245,-0.02072133106544546,-3.030487060546875,-3.4389193058013916,-67.29586791992188,55.28324890136719,52560000
438,49.997711982727054,0.32339497704058884,-0.022733722871331945,-4.932974815368652,-5.872881889343262,-66.14649200439453,42.57754135131836,52680000
439,50.02652333577474,0.38616863677899044,-0.017715234238279056,-4.6380534172058105,-8.445789337158203,-171.8372039794922,66.57246398925781,52800000
440,50.056008447011315,0.3441770267983278,-0.01937724300376734,-6.276309490203857,-2.3835418224334717,-176.9154510498047,41.495113372802734,52920000
441,50.07168775558472,0.3603409847120444,-0.019881235243553116,-1.4918650388717651,-1.1620817184448242,-79.49418640136719,55.569976806640625,53040000
442,50.08055412928263,0.3290757191305359,-0.01964264122586125,-4.675601482391357,-0.6298924088478088,-141.9947509765625,44.000858306884766,53160000
443,50.08326846122742,0.3747493420292934,-0.01805662919167541,-5.359277725219727,-4.615004062652588,-164.6920623779297,43.53921127319336,53280000
444,50.098155895868935,0.3432118974005183,-0.019036816673390907,-1.5510733127593994,-0.5866320133209229,-235.01451110839844,60.108394622802734,53400000
445,50.1284895324707,0.37996285647153855,-0.01991906625080598,-7.405956745147705,-2.8097519874572754,-257.0158386230469,44.588802337646484,53520000
446,50.15452350934346,0.3233435011282563,-0.021257123659803864,-4.871493816375732,-1.7625497579574585,-98.2205581665039,50.38029098510742,53640000
447,50.18211450258891,0.34914406046271323,-0.018378515040156647,-4.836329936981201,-4.336734771728516,-74.87289428710938,42.137996673583984,53760000
448,50.21216873804728,0.4357009624193112,-0.017471230229938708,-10.360114097595215,-4.286894798278809,-258.08868408203125,47.00455093383789,53880000
449,50.25439533233643,0.30955458590139945,-0.021363761832444653,-4.557997703552246,-2.1773433685302734,-73.08012390136719,44.85059356689453,54000000
450,50.3055854288737,0.3421406595408916,-0.017282471214675754,-4.6574811935424805,-3.2698299884796143,-284.3911437988281,54.80256271362305,54120000
451,50.35311834335327,0.3595067850500345,-0.019810694483300417,-6.5690813064575195,-0.2774684429168701,-233.9473419189453,39.63234329223633,54240000
452,50.39587741851807,0.3444659859811266,-0.01873975581770575,-2.8396332263946533,0.1244945377111435,-236.97076416015625,75.73306274414062,54360000
453,50.40812190373739,0.3331194226443768,-0.018790777817991208,-1.4705244302749634,-0.10754766315221786,-139.39732360839844,35.82229232788086,54480000
454,50.411383647918704,0.3706005014727513,-0.018932157527506207,-5.166865825653076,-2.774531841278076,-171.88365173339844,49.91678237915039,54600000
455,50.414563722610474,0.3534196179235975,-0.01869731496616017,-5.351462364196777,-1.0723005533218384,-214.78565979003906,50.85992431640625,54720000
456,50.4251460870107,0.30923673262198764,-0.020661734260177884,-4.567509651184082,-1.7467008829116821,-112.17791748046875,52.631141662597656,54840000
457,50.438601665496826,0.35817213855683805,-0.019966492441313523,-8.359384536743164,-4.5877203941345215,-115.2319564819336,45.13969421386719,54960000
458,50.45349404652914,0.3255227637166778,-0.020669156777033397,-2.665800094604492,-1.85126531124115,-142.71458435058594,68.2556381225586,55080000
459,50.44960547129313,0.32585120279341934,-0.019008259917983803,-3.6349077224731445,-3.40841007232666,-175.66465759277344,40.462615966796875,55200000
460,50.446299902598064,0.3087759864454468,-0.018722652425014984,-2.68770432472229,-2.6607279777526855,-138.99319458007812,37.93603515625,55320000
461,50.44549610455831,0.34946038976311683,-0.02050460481654227,-3.6532225608825684,-1.2705968618392944,-101.79192352294922,44.78396224975586,55440000
462,50.45040903727214,0.3512599205474059,-0.021810099595989715,-5.219916343688965,-3.2396035194396973,-71.3737564086914,45.12371826171875,55560000
463,50.47113584836324,0.3509102031836907,-0.020477851144605666,-4.007630348205566,-2.5738136768341064,-118.8536376953125,53.204933166503906,55680000
464,50.50699051856995,0.3572449098651608,-0.01657868068888244,-8.50243854522705,-3.0384392738342285,-273.1959533691406,40.35303497314453,55800000
465,50.56220838864645,0.30267569319655496,-0.020286526222213677,0.4012433886528015,-0.898678183555603,-65.82030487060547,57.21073913574219,55920000
466,50.591100257237755,0.3192467348153393,-0.02171898584620673,-2.1697583198547363,-1.1778314113616943,-67.7408218383789,45.34979248046875,56040000
467,50.61191801389059,0.3602579094097018,-0.016030159747562795,-8.487582206726074,-3.831773042678833,-227.86073303222656,26.682090759277344,56160000
468,50.63422205289205,0.3514346916352709,-0.018914888849297616,-3.0577211380004883,-1.7442010641098022,-81.43079376220703,51.81283187866211,56280000
469,50.64156404495239,0.33642269200334946,-0.019538925318035277,0.3652060627937317,-1.1911145448684692,-72.55603790283203,83.74633026123047,56400000
470,50.65064493179321,0.3048465672011177,-0.019683289454190647,-1.5406512022018433,0.8804686069488525,-70.11093139648438,47.44997024536133,56520000
471,50.6701665687561,0.3258230999733011,-0.020656107173696606,0.06466507166624069,0.007394682615995407,-60.925621032714844,48.50059127807617,56640000
472,50.68980309804281,0.31456433633963266,-0.020070631840282356,-6.043773174285889,-2.2619853019714355,-117.60352325439453,29.131275177001953,56760000
473,50.714027659098306,0.2972231227780382,-0.019799020182729995,0.4237353503704071,-0.5090093016624451,-53.714168548583984,42.478309631347656,56880000
474,50.71802928924561,0.320058948174119,-0.0185300791411161,-4.341872215270996,-4.003671169281006,-149.3013458251953,34.08171844482422,57000000
475,50.72921976089478,0.3351070965702335,-0.020516644073157977,2.0572509765625,-0.9743692874908447,-63.70656967163086,50.898197174072266,57120000
476,50.76792963663737,0.30372040065626305,-0.020620543842580143,-6.2592339515686035,-4.269126892089844,-101.85106658935547,37.37034606933594,57240000
477,50.797157796223956,0.37889663969477017,-0.01833440763829761,-5.933881759643555,-1.1226752996444702,-194.77992248535156,41.44721221923828,57360000
478,50.80695527394612,0.302882891955475,-0.02080546029847331,-5.989268779754639,-2.5544557571411133,-110.64299011230469,55.314395904541016,57480000
479,50.83067401250204,0.41948103023072086,-0.01563875465781204,-5.866127014160156,-1.2387380599975586,-225.13519287109375,87.49092102050781,57600000
480,50.8689488474528,0.35998911019414664,-0.017979465767017852,-6.903378963470459,-2.603663206100464,-258.58563232421875,67.77662658691406,57720000
481,50.90979680697123,0.35531716236223776,-0.019749570722106,-0.9880568981170654,-1.3526256084442139,-196.05584716796875,61.85231018066406,57840000
482,50.919179951349896,0.34710387139270704,-0.019136865165690627,-0.29840072989463806,1.4841387271881104,-132.17276000976562,51.31425094604492,57960000
483,50.93355505625407,0.29928708432863155,-0.02199413093314585,-0.487415611743927,-2.6614019870758057,-56.02028274536133,53.10401916503906,58080000
484,50.95138921101888,0.29218758481244245,-0.01939502032019315,-2.2833144664764404,-0.41648557782173157,-65.55509185791016,49.0237922668457,58200000
485,50.98089487711589,0.320395872866114,-0.019452697760731705,-5.853320121765137,-4.167384624481201,-174.9838104248047,47.65225601196289,58320000
486,51.00879143714905,0.30038073763251305,-0.019973601153610236,-5.2170000076293945,-3.3806955814361572,-146.5799102783203,48.81871032714844,58440000
487,51.03396799087525,0.3241534284005562,-0.019339741654818377,-1.6955664157867432,0.8475471138954163,-178.77284240722656,48.292518615722656,58560000
488,51.06876914342244,0.3702488052969178,-0.015934346725249876,-8.550787925720215,-3.563281774520874,-242.96823120117188,32.202510833740234,58680000
489,51.093527501424155,0.31126360851029555,-0.020109329372113887,-6.012272357940674,-5.796879291534424,-177.03347778320312,51.914268493652344,58800000
490,51.11295984268188,0.323768089748919,-0.02041936795020168,-5.115729331970215,-4.630493640899658,-84.04424285888672,50.263309478759766,58920000
491,51.14927859942118,0.30851030254115663,-0.019784780643951005,-8.844948768615723,-4.035131454467773,-167.35533142089844,57.842437744140625,59040000
492,51.159538157780965,0.3062382582947612,-0.018919026507497088,-2.521221160888672,0.23542554676532745,-60.12348175048828,58.97407150268555,59160000
493,51.18813340187073,0.30744196434815724,-0.020109957662270972,-1.6143685579299927,1.594555377960205,-130.43777465820312,57.1879997253418,59280000
494,51.23246713002523,0.3970263308286667,-0.017138887749515563,-7.347938537597656,-2.9632797241210938,-247.927978515625,63.97488021850586,59400000
495,51.24850035985311,0.40577787583072983,-0.018321890574901165,-8.0859375,-1.9640053510665894,-240.25282287597656,39.735862731933594,59520000
496,51.248844102223714,0.3140548288822174,-0.021371063194348186,-0.2387203872203827,0.5150042772293091,-77.97978210449219,46.802825927734375,59640000
497,51.261552330652876,0.32714722722768785,-0.02104084266632829,-4.489608287811279,-4.555360794067383,-65.85564422607422,47.05137252807617,59760000
498,51.28780860265096,0.3645528408885002,-0.01948109407642884,-3.1877424716949463,-1.0606684684753418,-121.5648422241211,60.93080139160156,59880000
499,51.31284048398336,0.32758257281035186,-0.017884853181576545,-8.802221298217773,-4.93104887008667,-162.0879364013672,45.18154525756836,60000000
500,51.334471451441445,0.31438105382025244,-0.021018111734871732,-6.098296165466309,-4.921666145324707,-72.46092224121094,45.95549774169922,60120000
501,51.361257537206015,0.28120400924235583,-0.02063992285246362,-3.194472074508667,-1.8052198886871338,-121.15966796875,44.04933166503906,60240000
502,51.40819691975911,0.30365400886784,-0.020770059665731727,-0.25093623995780945,-0.3060804605484009,-82.03953552246094,58.31501770019531,60360000
503,51.43635272343953,0.2660358444228768,-0.021059011651535304,-1.056787133216858,-1.0688408613204956,-68.7345962524414,38.873069763183594,60480000
504,51.4673654905955,0.4062688587109248,-0.016884552106300816,-8.460819244384766,-5.447609901428223,-227.50125122070312,44.809478759765625,60600000
505,51.505647633870446,0.34321458437790475,-0.019846270188769114,-7.212555408477783,-6.7699174880981445,-175.98300170898438,45.282615661621094,60720000
506,51.53425037066142,0.2997395996749401,-0.02010096208001414,-6.411453723907471,-5.526090621948242,-83.17723846435547,58.90772247314453,60840000
507,51.56730292638143,0.4244362392524878,-0.015065457111440993,-12.314154624938965,-5.992508411407471,-199.72251892089844,65.50347137451172,60960000
508,51.590696551005045,0.36552836732318006,-0.01792125667133708,-7.029792785644531,-2.474990129470825,-201.03564453125,34.80717086791992,61080000
509,51.58682611465454,0.38832847521950803,-0.018316083932501594,-8.26035213470459,-4.825239658355713,-250.4953155517578,46.565086364746094,61200000
510,51.598238213857016,0.3682836200172703,-0.01958816883510148,-5.43953800201416,-1.5002838373184204,-100.48333740234375,40.293277740478516,61320000
511,51.62145571708679,0.30094620790332555,-0.019195239806898978,-6.912868976593018,-4.211757183074951,-121.4930419921875,32.46590042114258,61440000
512,51.66740365346273,0.32594710469245913,-0.017977520330189994,-4.733285427093506,-3.227461338043213,-264.01318359375,56.076988220214844,61560000
513,51.69929843266805,0.30831927340477705,-0.021131419960508234,-2.267509698867798,-1.660502552986145,-78.43751525878906,66.32574462890625,61680000
514,51.69595461527506,0.3633873907228311,-0.020033508384609985,-4.923122406005859,-2.6820287704467773,-211.764404296875,49.88167190551758,61800000
515,51.69318749745687,0.3753252690409621,-0.018220184201521383,-4.295229434967041,0.18186716735363007,-237.85154724121094,49.069454193115234,61920000
516,51.71048174540202,0.39632316153496505,-0.017867132956704,-3.6023826599121094,-2.5472450256347656,-222.80067443847656,50.63700866699219,62040000
517,51.72057191530863,0.33091606525083384,-0.019636849351494068,-0.5767624378204346,-1.1924241781234741,-73.43022918701172,48.19468688964844,62160000
518,51.7153210512797,0.3723988328874111,-0.01910485973431946,-2.4363198280334473,3.04726243019104,-191.60829162597656,51.83155822753906,62280000
519,51.72253511428833,0.3366468678538998,-0.020292391957030607,-2.1152563095092773,-3.3165695667266846,-163.7299346923828,53.77422332763672,62400000
520,51.7226858329773,0.35572316757092876,-0.019435294243178306,-4.099599838256836,-4.136158466339111,-104.99762725830078,40.06389236450195,62520000
521,51.73536465962728,0.44875824024279914,-0.014663227387501743,-6.600943565368652,-0.3709278404712677,-287.19927978515625,56.34938049316406,62640000
522,51.757123174667356,0.4169106655071179,-0.016819266232790446,-6.102250099182129,-5.79634428024292,-241.0873565673828,60.672767639160156,62760000
523,51.77910777409871,0.39956586706141634,-0.016242072273958002,-6.528610706329346,-4.5630106925964355,-187.8058624267578,53.428340911865234,62880000
524,51.79717551549276,0.3195721638823549,-0.02006616312254437,-4.019482612609863,-4.212784767150879,-131.8140411376953,51.519649505615234,63000000
525,51.8214528465271,0.4344270632167657,-0.016938932312071605,-7.724488735198975,-3.122659206390381,-250.0029296875,42.19776916503906,63120000
526,51.85109726587931,0.35034504481901724,-0.018541915357967204,-8.751069068908691,-3.134387969970703,-269.50537109375,43.63175964355469,63240000
527,51.88640813509623,0.349326704852283,-0.02021736044301785,-4.679393291473389,-3.994246244430542,-215.16485595703125,65.96891784667969,63360000
528,51.891839828491214,0.3343261668582757,-0.020075484288575658,-2.483563184738159,-0.7227632999420166,-78.94619750976562,44.129154205322266,63480000
529,51.888658135732015,0.31681039503465097,-0.018786254575059804,-6.127123832702637,-5.264377117156982,-68.94731903076172,39.5797004699707,63600000
530,51.90128569602966,0.3297135922436913,-0.01943743074340091,-7.450150012969971,-3.5900070667266846,-140.76239013671875,37.57963943481445,63720000
531,51.9236336739858,0.383281470524768,-0.01784621354504452,-8.396646499633789,-5.10341739654541,-211.36558532714844,47.397315979003906,63840000
532,51.96304539680481,0.3230339461316665,-0.021163277290350682,-4.568564414978027,-3.9776034355163574,-91.54039001464844,41.371795654296875,63960000
533,52.01346699396769,0.31399960281948247,-0.020042570279953605,-7.463484764099121,-2.888709306716919,-187.44125366210938,51.68021774291992,64080000
534,52.03059721946716,0.3409644025315841,-0.020134228140812713,-5.595293045043945,-3.9026939868927,-74.5982666015625,86.77645874023438,64200000
535,52.02632159868876,0.3195994205524524,-0.020265130486350244,-7.02093505859375,-4.7913665771484375,-112.52509307861328,48.446773529052734,64320000
536,52.03392582257589,0.3203140816713373,-0.020688254071410485,4.0740580558776855,1.4915982484817505,-40.16165542602539,59.27363967895508,64440000
537,52.04239375432332,0.3459564928710461,-0.019116186700396012,-2.663771629333496,-1.181802749633789,-164.52853393554688,67.2573013305664,64560000
538,52.05034515380859,0.3375699619700511,-0.021673631758655273,-1.900504231452942,-0.041006267070770264,-90.44131469726562,55.55256271362305,64680000
539,52.06777394294739,0.2976406946529945,-0.019298581872366185,-4.228250503540039,-1.265367031097412,-183.5845489501953,50.623779296875,64800000
540,52.09224198023478,0.3156424008434017,-0.02115054056008603,-2.944995641708374,-2.436957359313965,-65.42988586425781,43.969032287597656,64920000
541,52.111947533289595,0.3446675681695342,-0.016705281163600223,-8.35494613647461,-4.611286163330078,-249.6096649169922,54.28496551513672,65040000
542,52.14993616422017,0.34694421897331873,-0.020123550657916572,-5.756673336029053,-1.8951424360275269,-180.67979431152344,65.37059783935547,65160000
543,52.18709402720133,0.3911551903933287,-0.017270517426884454,-10.723654747009277,-7.793699741363525,-243.9435577392578,34.06181716918945,65280000
544,52.22827837308248,0.35076550986617805,-0.017356728416910605,-9.668469429016113,-7.0880351066589355,-228.30760192871094,54.81595993041992,65400000
545,52.26182803471883,0.4406316324820121,-0.01622731360195303,-10.488908767700195,-8.648588180541992,-269.42236328125,55.03119659423828,65520000
546,52.269735428492226,0.35024217593173185,-0.019114136139226804,-5.976519584655762,-2.8989851474761963,-228.62322998046875,34.49729919433594,65640000
547,52.275605268478394,0.3332949636752407,-0.02003817104230014,-6.860766887664795,-6.943169593811035,-242.0944366455078,34.53204345703125,65760000
548,52.278755547205606,0.3485913779959083,-0.017444377389712523,-4.670426845550537,-3.1706676483154297,-54.262142181396484,54.67839050292969,65880000
549,52.276478900909424,0.30456173824767274,-0.02005203125589939,-0.25845375657081604,0.32122620940208435,-69.32594299316406,39.0692253112793,66000000
550,52.291341361999514,0.3386378799378872,-0.018804984595786892,-7.924964904785156,-2.564413070678711,-268.0470275878906,51.121395111083984,66120000
551,52.32201640446981,0.29898798468212284,-0.019977450355610625,-3.3768486976623535,-5.676497459411621,-97.8614273071289,44.89174270629883,66240000
552,52.35229521751404,0.37791531999905903,-0.016376932707862578,-13.22858715057373,-8.098506927490234,-187.15097045898438,55.01906204223633,66360000
553,52.39449910799662,0.29349785602341094,-0.019117779529892687,-6.425581932067871,-4.697281837463379,-68.1409683227539,44.32328414916992,66480000
554,52.40990493774414,0.33655285653968653,-0.018567832285107215,-6.176681995391846,-2.5325753688812256,-107.56018829345703,52.2229118347168,66600000
555,52.41814996401469,0.29294640907396874,-0.020267931310116484,-5.984472751617432,-4.247922897338867,-134.83416748046875,44.52702331542969,66720000
556,52.43095197359721,0.3398777961730957,-0.0162536127479306,-8.277106285095215,-3.5879688262939453,-141.9885711669922,34.808746337890625,66840000
557,52.457761170069375,0.29153807266304893,-0.022192489817128565,-6.684390544891357,-5.737631320953369,-121.00373077392578,42.36325454711914,66960000
558,52.48527471224467,0.3630370323359966,-0.017482144858762087,-7.141017913818359,-1.2222405672073364,-206.6426544189453,41.45683288574219,67080000
559,52.531357069015506,0.358083340053757,-0.0197417954022103,-7.160231590270996,-1.597221851348877,-187.1112823486328,46.53345489501953,67200000
560,52.5818803691864,0.3074968393146992,-0.017072138289468058,-5.890039920806885,-3.6089844703674316,-221.5992431640625,58.296592712402344,67320000
561,52.62420386632284,0.2947350321089228,-0.021478379414426173,-0.07453186064958572,-1.11100435256958,-75.20413208007812,55.064579010009766,67440000
562,52.63315074602763,0.29575872657199703,-0.021191731347339555,-5.8296027183532715,-7.173166275024414,-60.895286560058594,59.42805099487305,67560000
563,52.647720657984415,0.33627861805260184,-0.01782508813215827,-8.051593780517578,-3.290942907333374,-260.4866638183594,56.031776428222656,67680000
564,52.67391426722209,0.3280531022697687,-0.019256622863031224,-5.056532859802246,-4.747221946716309,-133.8468780517578,39.58744812011719,67800000
565,52.678704760869344,0.3213899701461196,-0.01893612293269598,-6.412992477416992,-3.8535408973693848,-166.97015380859375,52.749168395996094,67920000
566,52.70294736862183,0.3436387567843,-0.01755658789528752,-4.81694221496582,-3.4416708946228027,-136.7161407470703,65.56885528564453,68040000
567,52.736816555658976,0.284092908774813,-0.020353496159408072,-3.8385510444641113,-4.606241226196289,-48.56244659423828,35.57435607910156,68160000
568,52.754922221501666,0.3363051903620362,-0.017258308265694116,-5.456010818481445,-4.436234951019287,-175.202392578125,50.28145217895508,68280000
569,52.78903306325277,0.29264542678991956,-0.020977225615733914,-8.277247428894043,-7.021663665771484,-188.41268920898438,52.1811408996582,68400000
570,52.81826066335042,0.2705126791074872,-0.019675617154227134,-5.626186847686768,-5.9686408042907715,-216.4591827392578,56.22222900390625,68520000
571,52.82076808611552,0.3194035351400574,-0.019749025911949047,-7.156183242797852,-3.153170585632324,-125.9897689819336,47.95131301879883,68640000
572,52.828768005371096,0.2814393643413981,-0.019343255568690314,-5.782375335693359,-2.2797117233276367,-81.1005630493164,45.812129974365234,68760000
573,52.83526085217794,0.3056348575775822,-0.01909632290948745,-7.541848182678223,-4.681127548217773,-112.88829803466797,52.60148620605469,68880000
574,52.845448093414305,0.2752703531086445,-0.02118722059453982,-4.363892555236816,-4.720000743865967,-53.56984329223633,42.98661422729492,69000000
575,52.869081513086954,0.34171816227336727,-0.018242140637206226,-9.59378719329834,-10.519058227539062,-162.15440368652344,50.73752212524414,69120000
576,52.90810430208842,0.2997606815521916,-0.02143608102412827,-2.669570207595825,-0.8972300291061401,-83.31536102294922,53.12661361694336,69240000
577,52.91684583346049,0.32776978742331264,-0.020337817965294866,-4.84003210067749,-2.977227210998535,-73.61410522460938,44.87405014038086,69360000
578,52.926014556884766,0.34992532276858884,-0.019068626131005052,-9.415821075439453,-7.1309943199157715,-270.93280029296875,44.759552001953125,69480000
579,52.94711086591085,0.31870268666495877,-0.018710750520652557,-11.582691192626953,-6.310420989990234,-268.2026062011719,29.953487396240234,69600000
580,52.97053626378377,0.4554218978683154,-0.016289215501264304,-12.164491653442383,-4.834802627563477,-273.143798828125,34.44687271118164,69720000
581,53.02003871917724,0.3324727494517962,-0.021149167483714943,-6.130282402038574,-3.063711643218994,-120.5986328125,58.25545120239258,69840000
582,53.05102351506551,0.3182763698324561,-0.01795071222078453,-6.133292198181152,-3.879699468612671,-120.74217224121094,50.53184127807617,69960000
583,53.069004980723065,0.3207484871894121,-0.021413628203724024,-3.1674225330352783,-2.1255242824554443,-82.49466705322266,64.00648498535156,70080000
584,53.087405042648314,0.3185997851192951,-0.018308801658458832,-7.928918838500977,-4.762619495391846,-226.54660034179688,52.72234344482422,70200000
585,53.11555685043335,0.3982325841734807,-0.017513110962186905,-8.453177452087402,-3.0508203506469727,-267.5626220703125,50.173133850097656,70320000
586,53.16120621999105,0.31669478766620157,-0.019337257950116205,-8.031118392944336,-4.411448955535889,-249.4716339111328,47.25388717651367,70440000
587,53.20862129211426,0.4073835412164529,-0.01614810154837869,-5.149364471435547,-2.693143367767334,-297.4900817871094,56.419193267822266,70560000
588,53.240892578760786,0.32877034520109494,-0.020575459347279928,-6.169067859649658,-0.6614208817481995,-160.68124389648438,28.913835525512695,70680000
589,53.26142875989278,0.2660200250769655,-0.020510214015644124,-4.874178409576416,-3.5055418014526367,-81.9742660522461,42.77113342285156,70800000
590,53.26294547398885,0.28874924867103496,-0.021636019539931415,-4.412420272827148,-3.375735282897949,-70.13448333740234,44.34225082397461,70920000
591,53.266081733703615,0.33388186171650885,-0.01777793268704045,-6.69884729385376,-5.741977691650391,-232.70960998535156,50.7928352355957,71040000
592,53.28463521639506,0.3396305024623871,-0.01934672513641279,-5.55006217956543,-0.4640153646469116,-195.37783813476562,38.67753982543945,71160000
593,53.286155773798626,0.2895015970741709,-0.01940350066999751,-5.7714691162109375,-3.1511104106903076,-168.81117248535156,47.633544921875,71280000
594,53.284865090052286,0.27694050764044126,-0.02049675941928399,-3.8677144050598145,-3.283400297164917,-89.01824188232422,38.3465576171875,71400000
595,53.282621148427324,0.2669350368777911,-0.020299203873443427,-3.619594097137451,-4.329280853271484,-37.326202392578125,49.8963737487793,71520000
596,53.2875245920817,0.27575979780405757,-0.020636887244709214,-5.167541980743408,-3.73232364654541,-92.29454803466797,31.22099494934082,71640000
597,53.31507004737854,0.3335377936065197,-0.01678100075141856,-9.798357009887695,-7.142053127288818,-245.7630157470703,56.203956604003906,71760000
598,53.34437892595927,0.3082261098797123,-0.018251716067340263,-6.368170261383057,-5.339362621307373,-195.20223999023438,34.54664611816406,71880000
599,53.36733492215475,0.4110388827820619,-0.0163862835731076,-6.058462619781494,0.9289284944534302,-244.54708862304688,54.67060470581055,72000000
600,53.3781046072642,0.26108343442281085,-0.020650958482853334,-1.785254955291748,-2.2926645278930664,-75.88903045654297,48.71757888793945,72120000
601,53.379687261581424,0.2814353736241659,-0.0202679645693388,-1.7790579795837402,-3.6737639904022217,-55.331443786621094,38.40586853027344,72240000
602,53.390964097976685,0.34127574883401396,-0.019274113081963452,-6.046778202056885,-4.391750335693359,-260.6377868652344,57.187171936035156,72360000
603,53.41566532452901,0.38870896386603515,-0.01660690025508605,-8.89157772064209,-7.0367751121521,-191.14736938476562,49.65737533569336,72480000
604,53.45182908376058,0.3367811589688063,-0.020311257876851414,-5.029108047485352,-2.7666120529174805,-114.57392883300781,52.687255859375,72600000
605,53.47469658215841,0.34023788393785553,-0.017876224542029983,-6.792377948760986,-4.30981969833374,-300.9818115234375,60.798954010009766,72720000
606,53.4928795782725,0.2959598555540045,-0.020986301761178463,-6.643892288208008,-5.3292412757873535,-95.53524017333984,56.07236862182617,72840000
607,53.50348892847697,0.31865044330557185,-0.021328718266680275,-7.86466121673584,-5.4850640296936035,-67.86141967773438,43.052024841308594,72960000
608,53.52399125734965,0.3149244564399123,-0.019685831550662745,-6.411371231079102,-5.952558994293213,-188.65135192871094,36.278663635253906,73080000
609,53.54883278528849,0.30001967421422404,-0.02176476848238963,-5.130378723144531,-4.723422527313232,-87.92884063720703,46.294857025146484,73200000
610,53.55549753506978,0.2916848476976156,-0.01962173692133793,-4.714968204498291,-4.287270545959473,-234.6917266845703,43.97572326660156,73320000
611,53.55833861986796,0.330097003603975,-0.019000864922503146,-6.477211952209473,-6.782412528991699,-146.8512725830078,30.54933738708496,73440000
612,53.5748782602946,0.31158641116072733,-0.019319402717583214,-6.576436519622803,-3.115631341934204,-202.48812866210938,42.67129898071289,73560000
613,53.58904626528422,0.2590109256158272,-0.020931306388762703,-4.528840065002441,-3.38818359375,-80.98798370361328,31.47086524963379,73680000
614,53.60087116241455,0.3028512165074547,-0.019302802578822595,-10.851707458496094,-7.245615005493164,-239.66598510742188,48.50395965576172,73800000
615,53.617518212000526,0.29880421817302705,-0.02255510175513109,-1.3446613550186157,-1.9584496021270752,-43.34084701538086,68.51960754394531,73920000
616,53.620200894673665,0.28523272459705673,-0.02009586920116514,-5.524786949157715,-2.994560956954956,-115.63567352294922,43.20549774169922,74040000
617,53.64155528704325,0.2633630755916238,-0.019462220176627246,-7.235732078552246,-6.948188304901123,-61.07164001464844,55.17656707763672,74160000
618,53.65953915278117,0.285849492525061,-0.02075236102210814,-5.289795875549316,-6.4103007316589355,-112.67182922363281,43.578128814697266,74280000
619,53.66973456700643,0.3009217143803835,-0.019056866569737093,-3.815988779067993,-2.2353949546813965,-130.78599548339844,45.49052810668945,74400000
620,53.675037740071616,0.3020296624302864,-0.017029456883853225,-5.2645721435546875,-5.039691925048828,-195.5227813720703,50.16318130493164,74520000
621,53.68187144915263,0.31806918097039066,-0.01806829538201479,-8.380976676940918,-3.010284423828125,-186.06539916992188,33.30205154418945,74640000
622,53.70107844352722,0.27570797291894755,-0.020394490722892063,-5.791773319244385,-5.6729416847229,-138.84576416015625,53.89397048950195,74760000
623,53.70333197275797,0.28489314588407677,-0.02097430514735644,-5.3900957107543945,-5.1861572265625,-109.20042419433594,45.292640686035156,74880000
624,53.70911693255107,0.31498254866649705,-0.018265192427251123,-7.964425086975098,-7.017164707183838,-230.4427490234375,30.877933502197266,75000000
625,53.71386033376058,0.28220881833384437,-0.01956757059476331,-5.593205451965332,-3.6593000888824463,-129.28675842285156,31.30986785888672,75120000
626,53.71771874427795,0.31737599755326906,-0.017322575733449714,-7.952489852905273,-4.87782621383667,-158.578369140625,33.1585578918457,75240000
627,53.73245716730754,0.31914318865785996,-0.01823798060443854,-6.025652885437012,-6.356752395629883,-228.96937561035156,50.5347785949707,75360000
628,53.76300516764323,0.2907747820392251,-0.01958917104638431,-11.932324409484863,-9.09757137298584,-171.7811737060547,39.69637680053711,75480000
629,53.7859818204244,0.28628566975394887,-0.020153619395772086,-4.298095703125,-6.208419322967529,-157.9410858154297,54.45938491821289,75600000
630,53.793419456481935,0.306883759709696,-0.0200680267642565,-3.2063097953796387,-3.568521499633789,-74.77963256835938,49.745391845703125,75720000
631,53.815664501190184,0.2994301565364003,-0.021110552901788395,-5.463509559631348,-4.549627780914307,-115.58710479736328,56.17176818847656,75840000
632,53.83300118764242,0.2530212819824616,-0.02037393320134773,-6.005751609802246,-5.476364612579346,-69.81658172607422,44.37442398071289,75960000
633,53.86452519734701,0.26216096290697655,-0.0217306318958731,-7.06669807434082,-4.945418357849121,-168.66561889648438,51.75017166137695,76080000
634,53.90481550216675,0.3005665152519941,-0.019951721376025185,-4.961083889007568,-3.5037407875061035,-85.87918853759766,62.75618362426758,76200000
635,53.925033044815066,0.2733138187105457,-0.020140255563289126,-5.447015762329102,-5.454010486602783,-59.843177795410156,55.911441802978516,76320000
636,53.9366472307841,0.2754549462844928,-0.019796893791511443,-4.486110210418701,-3.9444499015808105,-44.302757263183594,39.42939376831055,76440000
637,53.96718853632609,0.2810272263114651,-0.018002192031556962,-4.689610004425049,-2.829658031463623,-164.88626098632812,49.525115966796875,76560000
638,54.01223318417867,0.27981286879628897,-0.01680096620602626,-9.943432807922363,-7.043980121612549,-220.62855529785156,36.94226837158203,76680000
639,54.04808339118958,0.29762210670858624,-0.018452429831719807,-9.609807968139648,-6.117845058441162,-289.4739685058594,47.06302261352539,76800000
640,54.05795011202494,0.37623133429636557,-0.018110799513315214,-6.75823974609375,-3.9301273822784424,-203.18502807617188,46.81930923461914,76920000
641,54.08112876574199,0.32780693876246614,-0.019430747653265523,-5.944895267486572,-5.54959774017334,-214.66993713378906,46.99127960205078,77040000
642,54.095062036514285,0.27836720711241164,-0.020355744087948248,-3.177016496658325,-4.171261310577393,-45.265865325927734,49.49812316894531,77160000
643,54.102690855662026,0.290644648745656,-0.019327317608850383,-7.064246654510498,-5.0354509353637695,-153.51632690429688,55.43998718261719,77280000
644,54.12189331372579,0.3029883926237623,-0.018135638398753144,-7.161019802093506,-7.391293525695801,-260.49603271484375,36.623653411865234,77400000
645,54.14066041628519,0.2506473402430614,-0.020423401163796675,-5.534825801849365,-3.9703147411346436,-64.55979919433594,35.640663146972656,77520000
646,54.1550636323293,0.27031330797821285,-0.020909015499249412,-8.404540061950684,-7.229281425476074,-155.3822784423828,41.45051574707031,77640000
647,54.160867875417075,0.26691020765652257,-0.020637839628416258,-8.023358345031738,-9.019695281982422,-74.31350708007812,55.48903274536133,77760000
648,54.1773438390096,0.3309211460625132,-0.018693547220076046,-4.297581195831299,-5.720212936401367,-77.78508758544922,62.04743576049805,77880000
649,54.193776788711546,0.2707727264985442,-0.019805583494259434,-4.465153694152832,-5.520289897918701,-63.223209381103516,44.44579315185547,78000000
650,54.21374032974243,0.3108142366756996,-0.019404038895475727,-9.745878219604492,-8.607294082641602,-77.09529876708984,41.41628646850586,78120000
651,54.220680726369224,0.28240324995170035,-0.0206254015497719,-4.658510684967041,-2.8217978477478027,-75.80138397216797,51.63280487060547,78240000
652,54.2295841662089,0.2849046394477288,-0.01963534165013698,-5.995296001434326,-5.908893585205078,-85.38751983642578,52.894859313964844,78360000
653,54.247335573832196,0.2944700851539771,-0.018668175671775013,-8.616405487060547,-5.157507419586182,-237.4211883544922,28.117198944091797,78480000
654,54.27609098116557,0.2756363550325235,-0.01992506405302265,-2.502061367034912,-0.42964544892311096,-61.50632095336914,51.21597671508789,78600000
655,54.29075104077657,0.316245532532533,-0.018111021098748098,-8.717162132263184,-6.961610794067383,-268.756103515625,45.61510467529297,78720000
656,54.323857091267904,0.2878662297998865,-0.020339129038772323,-6.450507640838623,-3.1712887287139893,-101.81832885742188,38.771427154541016,78840000
657,54.35569274266561,0.26845371929307776,-0.01956149441272828,-4.851126670837402,-3.4950833320617676,-73.32794189453125,26.850210189819336,78960000
658,54.37889808019002,0.24424080803990364,-0.020176607757901668,-8.294316291809082,-7.17620849609375,-114.92134857177734,31.270700454711914,79080000
659,54.39842316945394,0.2422461030508081,-0.021801927957770507,-2.845916748046875,-2.452420949935913,-95.22843170166016,40.58843994140625,79200000
660,54.41185344378153,0.2621285134678086,-0.02059912556454189,-5.421439170837402,-8.297868728637695,-47.10982894897461,46.85500717163086,79320000
661,54.417291984558105,0.2587187446281314,-0.02040185034823376,-5.195443153381348,-6.5848870277404785,-89.64552307128906,54.6943244934082,79440000
662,54.42714940706889,0.259728288911283,-0.01987097672821013,-7.42771053314209,-6.076796054840088,-88.6287612915039,51.86530303955078,79560000
663,54.44689504623413,0.28289985975871484,-0.01838521808092537,-12.66393756866455,-9.044607162475586,-204.8438262939453,48.517234802246094,79680000
664,54.4702594089508,0.2783791581417123,-0.018723002574194347,-4.776803970336914,-1.6230909824371338,-195.7811279296875,57.96413040161133,79800000
665,54.47015402793884,0.24267782138039667,-0.020601110094091078,-4.684556484222412,-5.810121059417725,-59.047298431396484,47.02102279663086,79920000
666,54.474096622467044,0.26162695170690614,-0.018907335435715142,-6.473740577697754,-6.241302490234375,-98.7905502319336,43.008644104003906,80040000
667,54.49844731648763,0.2781002044181029,-0.01883892777409225,-8.801212310791016,-7.495410919189453,-255.02838134765625,45.256683349609375,80160000
668,54.5197497399648,0.25876539267599585,-0.02032911159834915,-1.4110512733459473,-3.248087167739868,-66.19475555419922,50.764984130859375,80280000
669,54.5255451742808,0.27265224096675716,-0.019361449720424084,-6.146844387054443,-8.731881141662598,-96.27201843261719,59.79770278930664,80400000
670,54.54795001983643,0.29654393912603455,-0.01650946491467039,-8.43891716003418,-7.558346271514893,-259.4388122558594,51.02875900268555,80520000
671,54.57395004590352,0.24959204954405625,-0.021070783066388685,-3.442401885986328,-2.600036144256592,-73.50956726074219,34.97566223144531,80640000
672,54.60336945215861,0.29074957066526014,-0.017381734996582358,-8.61680793762207,-8.076948165893555,-215.03102111816406,44.832618713378906,80760000
673,54.63591988245646,0.3098443577811122,-0.017066585621463067,-11.695563316345215,-7.628019332885742,-278.9623718261719,24.5657901763916,80880000
674,54.65885637919108,0.2719308742135763,-0.020843531701924198,-5.215160846710205,-6.590088367462158,-98.32373809814453,37.57376480102539,81000000
675,54.69209857304891,0.2725960835441947,-0.020712598312826836,-5.614235877990723,-5.4041056632995605,-91.20722961425781,44.6913948059082,81120000
676,54.72390446980794,0.2577027777706583,-0.01896235476273432,-4.5066022872924805,-4.984194278717041,-58.42059326171875,50.66011428833008,81240000
677,54.73494213422139,0.26801566374798613,-0.01929976790652063,-3.3049871921539307,-5.44970178604126,-113.09298706054688,44.79829406738281,81360000
678,54.74502035140991,0.2518091776470343,-0.020448597539240342,-4.50394344329834,-3.427170515060425,-118.00753784179688,58.1166877746582,81480000
679,54.76559911410014,0.29454338221500315,-0.018702169813653503,-9.640403747558594,-4.887099742889404,-217.0269012451172,52.00841522216797,81600000
680,54.781932751337685,0.274717813792328,-0.021118175943544582,-6.00280237197876,-4.798886299133301,-73.39727020263672,49.81853103637695,81720000
681,54.777276296615604,0.2726077477261424,-0.020997260974718303,-2.6929759979248047,-2.0496749877929688,-85.23543548583984,35.848106384277344,81840000
682,54.78243536949158,0.30844404935836794,-0.0196362745063819,-1.5796313285827637,-2.647103786468506,-66.54207611083984,56.138240814208984,81960000
683,54.79200084050496,0.27007314797490833,-0.021680648857436608,-3.5321006774902344,-2.8298819065093994,-89.16101837158203,51.93202590942383,82080000
684,54.796132526397706,0.2787214922780792,-0.01804464062454182,-7.374166011810303,-9.180488586425781,-90.69699096679688,39.13388442993164,82200000
685,54.806663274765015,0.27419882552077374,-0.019717682228523093,-8.039544105529785,-6.370078086853027,-191.1834716796875,41.50392532348633,82320000
686,54.824638821283976,0.250806901914378,-0.019233723601240246,-6.043311595916748,-4.191985130310059,-215.58346557617188,46.59526062011719,82440000
687,54.842618490854896,0.27649358595410983,-0.017210759336861278,-3.4041149616241455,-5.203893184661865,-141.76466369628906,50.25475311279297,82560000
688,54.86495365142822,0.3017156306405862,-0.02026266694665537,-9.618658065795898,-6.962998867034912,-126.89348602294922,49.58393859863281,82680000
689,54.891412413915,0.27807161123802265,-0.021098069450042656,-6.115222454071045,-5.669788837432861,-117.75430297851562,41.2654914855957,82800000
690,54.919978793462114,0.30313470733662445,-0.018184559873598117,-8.089279174804688,-6.0457892417907715,-190.13987731933594,49.67815017700195,82920000
691,54.93929433822632,0.255754441122214,-0.02098657163395046,-2.6848199367523193,-3.731546640396118,-70.23527526855469,56.99540710449219,83040000
692,54.95381054560343,0.24470803428441287,-0.02042124068667666,-5.719080448150635,-7.835517406463623,-95.55953979492188,42.25370788574219,83160000
693,54.964947617848715,0.28033221368988354,-0.02082426216966269,-8.96978759765625,-5.831704139709473,-106.85335540771484,54.542701721191406,83280000
694,54.97877254168193,0.2765053631489476,-0.01859501884896872,-7.159944534301758,-5.171926498413086,-260.0646667480469,53.58842849731445,83400000
695,54.99412332216899,0.25756333728631337,-0.019394988346784884,-7.501522064208984,-7.28245210647583,-65.06803894042969,45.25063705444336,83520000
696,55.00466458320618,0.25696996856480836,-0.021825700211047662,-5.022631645202637,-4.93869161605835,-57.720001220703125,39.59587097167969,83640000
697,55.01671740531921,0.26981228110690914,-0.019899358020059404,-6.633754253387451,-6.66691780090332,-89.15977478027344,48.092533111572266,83760000
698,55.01904431978861,0.2749108567958077,-0.01998385359558597,-2.0018675327301025,-1.4226455688476562,-57.86087417602539,68.29920196533203,83880000
699,55.027039047877,0.2512887955456972,-0.0205731654766862,-4.245534896850586,-4.317349910736084,-42.635704040527344,33.17338943481445,84000000
700,55.052130651474,0.26484176944941284,-0.020159900857282007,-5.5057902336120605,-5.107950687408447,-132.0836181640625,42.50320816040039,84120000
701,55.10228496233622,0.23734857687105734,-0.01994210599269233,-9.628326416015625,-7.751855850219727,-171.68467712402344,55.490020751953125,84240000
702,55.14370458285014,0.291872771581014,-0.019389093395640582,-1.4638110399246216,-2.744581460952759,-57.76941680908203,49.55487823486328,84360000
703,55.16849110603332,0.2812798149387042,-0.019480381503099123,-6.289888858795166,-4.712485313415527,-100.49175262451172,50.52787780761719,84480000
704,55.19540897687276,0.24508753560483457,-0.01980048829335374,-4.866864204406738,-4.199296951293945,-110.56730651855469,40.35525131225586,84600000
705,55.24023593902588,0.26180554654449223,-0.01790077172565134,-7.918555736541748,-4.458861351013184,-218.25827026367188,38.620460510253906,84720000
706,55.28952119509379,0.28257713372508686,-0.019088370204105254,-7.831190586090088,-4.241838455200195,-186.9237823486328,43.807701110839844,84840000
707,55.3200784778595,0.26593075931072235,-0.020280037259866126,-7.093711853027344,-10.667119979858398,-89.5962142944336,61.73086929321289,84960000
708,55.35363526026408,0.27666415051867566,-0.017810771203136636,-8.709033966064453,-4.51926326751709,-301.73309326171875,46.28725051879883,85080000
709,55.36394206047058,0.30350968913485604,-0.020389433053690027,-8.61948299407959,-8.233834266662598,-182.98388671875,39.54395294189453,85200000
710,55.37678447723388,0.2386553455516696,-0.020324439789413493,-7.06719970703125,-8.334222793579102,-79.38215637207031,51.0549430847168,85320000
711,55.39439279238383,0.2652948691695929,-0.02056835845163126,-6.322134971618652,-6.718808174133301,-85.14844512939453,47.36444854736328,85440000
712,55.401988693873086,0.25565334819257257,-0.021712487112148817,-7.852415084838867,-8.33522891998291,-89.0114517211914,58.009605407714844,85560000
713,55.420360536575316,0.275076770670712,-0.02021136802770949,-2.0387697219848633,-3.425225019454956,-69.28453063964844,59.33769989013672,85680000
714,55.43410713513692,0.280332273406287,-0.0205199744669153,-5.91348123550415,-5.562723159790039,-208.49095153808594,58.79877853393555,85800000
715,55.44660057067871,0.2662529783944289,-0.020201604183830473,-6.904200077056885,-7.538615703582764,-102.02555084228516,64.56980895996094,85920000
716,55.476902084350584,0.2831823866069317,-0.019220727292149603,-3.9309818744659424,-6.7870259284973145,-63.46660614013672,54.74851608276367,86040000
717,55.5132320022583,0.2951606671884656,-0.021882602063930487,-7.010964393615723,-5.797028541564941,-99.74620056152344,57.46498489379883,86160000
718,55.55344248453776,0.29447720155119894,-0.020647221569607552,-8.409356117248535,-4.849671363830566,-162.55039978027344,31.923154830932617,86280000
719,55.588119176228844,0.33680760736266774,-0.019260940482593962,-9.428424835205078,-8.723649978637695,-188.3357391357422,65.8981704711914,86400000
720,55.60897713979085,0.26881094417224327,-0.020611504734426186,-7.243858337402344,-6.6215596199035645,-75.23209381103516,55.94084930419922,86520000
721,55.62504350026449,0.28993523884564637,-0.017729351688869126,-11.952614784240723,-9.749544143676758,-210.81480407714844,46.80519485473633,86640000
722,55.64716513633728,0.26449238270521164,-0.019866390623816794,-6.929435729980469,-7.756507396697998,-117.37969207763672,54.0145263671875,86760000
723,55.67808753331502,0.2826863136018316,-0.02133727408789734,-7.115743637084961,-8.741711616516113,-65.83324432373047,44.15385055541992,86880000
724,55.709236787160236,0.26147552287826936,-0.019325575368109183,-6.295688152313232,-5.543752193450928,-203.10635375976562,47.45509338378906,87000000
725,55.738489373524985,0.26341595107068616,-0.019948758887294388,-7.467166423797607,-6.707367420196533,-153.9336395263672,34.88503646850586,87120000
726,55.76076948165893,0.2698076691602667,-0.01956201569577388,-9.699076652526855,-10.402792930603027,-79.54515075683594,44.61458206176758,87240000
727,55.7755828444163,0.23603889521211385,-0.02170704473068781,-6.150964260101318,-4.9457478523254395,-120.34978485107422,40.30772399902344,87360000
728,55.80557795524597,0.26774087307353817,-0.019357782933384443,-6.187833786010742,-6.763417720794678,-271.6618347167969,49.333229064941406,87480000
729,55.83926554679871,0.24909392385433118,-0.019992383612640576,-5.259234428405762,-7.713719844818115,-46.342193603515625,54.8338508605957,87600000
730,55.86095926920573,0.2600779153530796,-0.019070675369618283,-10.849366188049316,-7.897485256195068,-252.48106384277344,32.985694885253906,87720000
731,55.879150540033976,0.24658907701571783,-0.019688404114388807,-4.151626110076904,-5.297522068023682,-57.3757209777832,52.78988265991211,87840000
732,55.88875442504883,0.2704328694691261,-0.021064638034872588,-3.807729959487915,-4.062455177307129,-63.40778732299805,29.251359939575195,87960000
733,55.88509768486023,0.2710698994621634,-0.02083450463292441,-7.363508224487305,-8.083324432373047,-62.38726806640625,43.17886734008789,88080000
734,55.89000649770101,0.25058697345356146,-0.02137173543310837,-8.900321006774902,-7.464810371398926,-138.44174194335938,47.65631866455078,88200000
735,55.91573330879211,0.24444571163505316,-0.02199215764512701,-7.065521717071533,-9.112504959106445,-56.30400848388672,40.559078216552734,88320000
736,55.93650380134582,0.2721801137179136,-0.02010798864770057,-9.99237060546875,-9.066380500793457,-109.12062072753906,29.703319549560547,88440000
737,55.96806059201558,0.24768542986363173,-0.02159925864083789,-4.945016860961914,-5.2828593254089355,-90.93668365478516,47.292518615722656,88560000
738,55.99003214200338,0.2352540663133065,-0.020893097661864885,-9.108312606811523,-9.557579040527344,-63.17430877685547,28.44992446899414,88680000
739,56.02644128799439,0.24255451957384747,-0.01960219804470398,-5.081286907196045,-2.232170820236206,-160.39495849609375,55.35649871826172,88800000
740,56.06350090344747,0.27255630811055503,-0.019228189748829057,-6.788393497467041,-6.582796096801758,-138.39013671875,43.46623992919922,88920000
741,56.06557087262472,0.24323296707123518,-0.02124543665608428,-5.357537269592285,-5.578022480010986,-36.152488708496094,31.48542022705078,89040000
742,56.0673414961497,0.23599950648844242,-0.021246811497591504,-8.007643699645996,-8.306675910949707,-82.2096176147461,46.48375701904297,89160000
743,56.09758148511251,0.24887189842760563,-0.02015223739340096,-4.609751224517822,-5.7308430671691895,-46.13558578491211,45.66580581665039,89280000
744,56.12805362065633,0.27026487993697323,-0.01934043391272515,-6.221566677093506,-7.199528694152832,-85.01924896240234,58.854068756103516,89400000
745,56.157783085505166,0.2578853891293208,-0.020607616126009514,-9.638967514038086,-6.733675479888916,-159.92564392089844,30.4882869720459,89520000
746,56.18612597147624,0.25906994701673586,-0.02071255492350493,-9.678205490112305,-6.986522674560547,-142.99710083007812,33.83643341064453,89640000
747,56.21091832796733,0.2511737080042561,-0.020143606350392626,-7.421382904052734,-7.863752365112305,-91.92737579345703,31.134702682495117,89760000
748,56.23206844647726,0.2415801009411613,-0.020492442642131816,-6.13047981262207,-4.508653163909912,-82.71340942382812,64.9483642578125,89880000
749,56.25581590334574,0.27933727866659563,-0.01820694079946861,-7.200926303863525,-6.469897747039795,-157.18287658691406,43.586063385009766,90000000
750,56.272495352427164,0.3076739962399006,-0.018913906515396473,-11.346779823303223,-8.623669624328613,-152.17286682128906,43.6910400390625,90120000
751,56.280945997238156,0.2596894994253914,-0.02049642124597388,-2.038003921508789,-3.4824886322021484,-107.95616912841797,60.53792953491211,90240000
752,56.30246740341187,0.2685906041289369,-0.020422918508720612,-6.567033767700195,-4.098409652709961,-54.834903717041016,33.71936798095703,90360000
753,56.32795733133952,0.25533955174187817,-0.021411453106141683,-3.788273811340332,-3.7650132179260254,-78.85311889648438,46.76300811767578,90480000
754,56.34647463798523,0.25937910507122675,-0.02091345170784431,-7.196451187133789,-8.459711074829102,-54.33125305175781,54.977657318115234,90600000
755,56.3703626982371,0.2542270127683878,-0.020109380250853518,-10.01081657409668,-5.916020393371582,-154.66201782226562,20.762102127075195,90720000
756,56.39645715395609,0.26295797606309257,-0.02196763645980269,-8.229446411132812,-7.1683735847473145,-71.17266845703125,45.85394287109375,90840000
757,56.40342386563619,0.24166827669988075,-0.019900107982722754,-6.235098361968994,-7.0226826667785645,-69.28228759765625,50.55527114868164,90960000
758,56.41133014678955,0.2756959861641129,-0.017099566998464676,-6.193284034729004,-3.1674771308898926,-165.02871704101562,36.358158111572266,91080000
759,56.41683526992798,0.23221377305686475,-0.021222595855785283,-4.360592365264893,-5.418545722961426,-48.83592224121094,29.25998878479004,91200000
760,56.42679447809855,0.2415523925671975,-0.019615843826184875,-7.339671611785889,-7.164906024932861,-43.53831100463867,37.82072830200195,91320000
761,56.46333066622416,0.2437169054398934,-0.020812401145806993,-7.98479700088501,-7.31572151184082,-106.73273468017578,41.67418670654297,91440000
762,56.49964450836182,0.25579633387426537,-0.020141274846749487,-7.85882043838501,-8.879119873046875,-91.72489929199219,54.219791412353516,91560000
763,56.52670757929484,0.275563388330241,-0.018804902646760033,-6.611252307891846,-6.168248653411865,-84.6620864868164,43.661067962646484,91680000
764,56.561159954071044,0.24520222311218579,-0.021819443752453177,-8.532571792602539,-7.835171699523926,-119.74959564208984,46.13716506958008,91800000
765,56.5990624554952,0.27337596237659456,-0.01984397894824421,-8.118431091308594,-6.983205795288086,-109.28524780273438,29.394248962402344,91920000
766,56.640906229019166,0.2373717545469602,-0.020500596473264826,-5.67442512512207,-5.37462854385376,-90.0393295288086,30.584592819213867,92040000
767,56.66324419339498,0.2521096877877911,-0.020386908981621068,-6.2119293212890625,-8.23305892944336,-100.94482421875,36.34507369995117,92160000
768,56.68170534133911,0.26057125091552735,-0.019968733196445404,-3.5048599243164062,-4.876928329467773,-59.05061340332031,46.708702087402344,92280000
769,56.70363604227702,0.22179271635909875,-0.021087324133396427,-7.475905418395996,-7.212323188781738,-93.0169448852539,37.234622955322266,92400000
770,56.725230366388956,0.2636263462280234,-0.019459325560155775,-5.762408256530762,-4.631514072418213,-190.2197265625,41.36634826660156,92520000
771,56.75195722579956,0.25630712740123274,-0.019638709177100585,-4.271564483642578,-5.531973838806152,-78.68995666503906,53.38896560668945,92640000
772,56.77739212036133,0.2715223801136017,-0.019214068965217546,-7.8864922523498535,-4.6465983390808105,-202.6437225341797,41.627742767333984,92760000
773,56.794820372263594,0.24804594105730454,-0.02278434189946362,-8.680657386779785,-8.037762641906738,-76.27571868896484,36.6644401550293,92880000
774,56.823689997990925,0.2543432763715585,-0.021065357837166326,-4.880080223083496,-4.166378021240234,-115.54183197021484,56.60459899902344,93000000
775,56.84434459050497,0.24876030810177327,-0.021997986947565853,-7.400450229644775,-6.449299335479736,-98.80543518066406,45.912574768066406,93120000
776,56.85966368039449,0.250153780169785,-0.021708109711070924,-5.899953365325928,-5.504848480224609,-94.10664367675781,28.042396545410156,93240000
777,56.87722390492757,0.260931987836957,-0.020707840136497,-6.729856014251709,-5.336648464202881,-148.30023193359375,58.525569915771484,93360000
778,56.896503101984656,0.23740214253465333,-0.020890630602394444,-5.4698166847229,-4.258772373199463,-62.594112396240234,47.58824157714844,93480000
779,56.91781574567159,0.2305701254804929,-0.02054777576687381,-6.055798053741455,-8.885958671569824,-65.67794036865234,50.88355255126953,93600000
780,56.930603723526,0.22870272561907767,-0.02049655497805702,-4.963191509246826,-4.691499710083008,-84.85272979736328,50.56588363647461,93720000
781,56.93904412587484,0.2530577287574609,-0.022716308016009254,-7.128629207611084,-8.013895988464355,-61.564395904541016,37.110050201416016,93840000
782,56.95852428754171,0.24575069056202967,-0.01992645171799571,-12.17548656463623,-8.583192825317383,-98.45401000976562,28.079519271850586,93960000
783,56.98060828526815,0.2537289669861396,-0.02066045795147602,-7.553032875061035,-6.912103652954102,-110.23908233642578,75.88948059082031,94080000
784,57.00239318211873,0.25533886955430113,-0.02079574591473526,-7.038036823272705,-5.887790203094482,-66.19933319091797,34.263755798339844,94200000
785,57.0166011428833,0.27187218363086385,-0.018575956010148123,-8.223525047302246,-9.035094261169434,-170.41177368164062,33.70418930053711,94320000
786,57.02125654856364,0.245968310944736,-0.020807575214152697,-8.915495872497559,-9.234770774841309,-79.70875549316406,37.14717483520508,94440000
787,57.032795925140384,0.2556714329868555,-0.02121377103082826,-7.73179292678833,-8.458793640136719,-75.06751251220703,51.4739875793457,94560000
788,57.050649054845174,0.24216969018181164,-0.019729492127444247,-6.18168830871582,-5.784441947937012,-43.07704544067383,34.322208404541016,94680000
789,57.07855098724365,0.2674852679048975,-0.019664688000029854,-8.053760528564453,-4.236393928527832,-97.0876235961914,55.40687942504883,94800000
790,57.095058336257935,0.2405589131762584,-0.020882109750818927,-8.898300170898438,-5.615887641906738,-162.89154052734375,33.9767951965332,94920000
791,57.11700750668844,0.24591589249670506,-0.02098537600578311,-6.696432113647461,-6.61881160736084,-58.61763000488281,35.30215835571289,95040000
792,57.15658264478048,0.29727489757041137,-0.015211804473671387,-11.940220832824707,-9.536628723144531,-230.81895446777344,31.670246124267578,95160000
793,57.19057324409485,0.24659937089929979,-0.020689854661108786,-1.771000623703003,-2.677037239074707,-33.5299186706543,44.01420211791992,95280000
794,57.19259951909383,0.22797453147669633,-0.020542086899174212,-7.284480571746826,-8.736954689025879,-99.0672378540039,30.056669235229492,95400000
795,57.21408511161804,0.2306633365775148,-0.020640132182744915,-6.098147392272949,-7.394917964935303,-50.02339553833008,45.66987228393555,95520000
796,57.24077507336934,0.2613031709815065,-0.018749682901137325,-6.857430458068848,-6.052084445953369,-97.00267791748047,62.185367584228516,95640000
797,57.27598701477051,0.2565235488116741,-0.020697094170894464,-11.724056243896484,-11.456653594970703,-87.38877868652344,43.603824615478516,95760000
798,57.31196952184041,0.26036841463297605,-0.02113095329316328,-7.306447982788086,-7.293889999389648,-114.74815368652344,50.165000915527344,95880000
799,57.3314790503184,0.26472203092028695,-0.02081114261259851,-5.522214412689209,-5.604644775390625,-68.10279083251953,42.82746124267578,96000000
800,57.35977021853129,0.2815440932785471,-0.017888593027616178,-9.939614295959473,-9.410770416259766,-249.22962951660156,47.38319396972656,96120000
801,57.40357435862223,0.25127489580462375,-0.021451147066351647,-9.962174415588379,-9.936800956726074,-63.94815444946289,49.997962951660156,96240000
802,57.41114033381144,0.26224465447167555,-0.020165679052979613,-4.7938079833984375,-6.754549980163574,-59.70498275756836,41.06021499633789,96360000
803,57.42290252685547,0.26831655838837226,-0.02106509862517972,-4.649884223937988,-5.095085144042969,-111.57403564453125,51.00788116455078,96480000
804,57.47191712061564,0.2948152643814683,-0.018735262703626177,-11.241439819335938,-8.77265739440918,-273.9080810546875,60.72129821777344,96600000
805,57.51872756322225,0.2966038440167904,-0.019686102163695977,-13.150810241699219,-11.27755069732666,-223.77825927734375,44.85234069824219,96720000
806,57.54359931627909,0.26555394942561783,-0.02157826757921915,-12.422626495361328,-9.477315902709961,-113.25164031982422,30.94793701171875,96840000
807,57.5558451239268,0.25429194238036873,-0.021209607595501438,-10.081904411315918,-11.525550842285156,-60.845489501953125,44.85932159423828,96960000
808,57.56777818361918,0.29536716228971877,-0.019105812041470927,-9.923779487609863,-7.482423782348633,-217.00360107421875,42.949825286865234,97080000
809,57.577185761133826,0.2631507453819116,-0.020780333404860962,-9.07904052734375,-8.716670036315918,-133.3358917236328,41.66425704956055,97200000
810,57.56970086097717,0.22793597059945264,-0.020393414025163755,-9.014274597167969,-7.522222518920898,-56.03170394897461,21.63116455078125,97320000
811,57.5859501171112,0.2347002554560701,-0.02244699722280681,-5.1497955322265625,-2.5434012413024902,-70.3405990600586,38.4837760925293,97440000
812,57.61806452433268,0.25620424808313447,-0.022219519788183484,-5.6152215003967285,-4.6511735916137695,-54.8563232421875,30.173320770263672,97560000
813,57.649128398895265,0.2746610188111663,-0.019152901587282636,-9.32687759399414,-8.726984024047852,-171.50831604003906,43.42290496826172,97680000
814,57.6817466767629,0.28895033460110425,-0.019622330463136373,-12.880167961120605,-10.916705131530762,-236.70697021484375,35.26955032348633,97800000
815,57.735260794957476,0.2494285978252689,-0.023360763231889146,-8.306496620178223,-7.862176895141602,-95.59965515136719,50.79541778564453,97920000
816,57.76980731328329,0.27484149802476165,-0.01887886969339282,-9.442018508911133,-5.900704383850098,-180.1017303466797,52.09307098388672,98040000
817,57.79736534436544,0.24469945695251227,-0.02272486734050593,-10.45404052734375,-9.846392631530762,-94.16724395751953,31.19840431213379,98160000
818,57.80357582728068,0.2655598892395695,-0.021646901824751694,-5.004469394683838,-3.6274802684783936,-63.46044921875,56.968563079833984,98280000
819,57.805083427429196,0.27275130222241084,-0.0175605049730666,-11.495445251464844,-11.338616371154785,-181.97105407714844,19.265073776245117,98400000
820,57.82982063293457,0.24566961701959372,-0.021739999019537208,-7.008395671844482,-4.223474025726318,-68.36051940917969,44.20832824707031,98520000
821,57.86241155942281,0.27688921288897594,-0.02152205712014923,-12.23365592956543,-9.250651359558105,-113.07839965820312,26.98318862915039,98640000
822,57.88671431223551,0.24629011897991102,-0.021530984996234112,-7.050208568572998,-5.471092224121094,-56.19658660888672,35.75738525390625,98760000
823,57.9077090994517,0.25040857087820767,-0.02210656299967392,-10.781781196594238,-7.558422088623047,-103.4087142944336,37.49502182006836,98880000
824,57.927337096532185,0.2784379857281844,-0.021396838099825195,-13.801548957824707,-10.500787734985352,-156.82958984375,53.64965057373047,99000000
825,57.96257533073425,0.28539400137960913,-0.019345307428666275,-10.009140014648438,-7.507680416107178,-144.74720764160156,20.923748016357422,99120000
826,57.99895232518514,0.2580394143859545,-0.022518433649905394,-8.3604736328125,-7.9749369621276855,-110.60011291503906,37.59916305541992,99240000
827,58.0095118077596,0.23995458738257489,-0.020968588087033974,-6.518605709075928,-7.020130157470703,-34.383365631103516,37.16242599487305,99360000
828,58.02964270273844,0.2635133804877599,-0.019548412819668404,-9.696882247924805,-7.789958953857422,-143.16505432128906,39.711856842041016,99480000
829,58.08401027679443,0.25522714100778104,-0.023529990629358507,-9.570525169372559,-7.4897847175598145,-67.5463638305664,29.061445236206055,99600000
830,58.10845903078715,0.27445944332828126,-0.02029368334009064,-11.241766929626465,-10.112707138061523,-144.46307373046875,52.384735107421875,99720000
831,58.129480568567914,0.251581123371919,-0.020413191592277447,-5.0734710693359375,-6.574191093444824,-33.434898376464844,37.55516815185547,99840000
832,58.150985908508304,0.25835209503769874,-0.020842551746627577,-10.673527717590332,-8.13996696472168,-100.96819305419922,31.868221282958984,99960000
